Email,Password,PrivilegeLevel,UserName,FirstName,LastName
ptuffield0@hatena.ne.jp,HSZoJ3YRhN,0,ptuffield0,Peggie,Tuffield
bmacnamee1@icio.us,BDtDAaD3o8Bb,0,bmacnamee1,Barney,MacNamee
esibray2@tinypic.com,cF46UQstd,0,esibray2,Eberhard,Sibray
fberndt3@wsj.com,eluofGI,0,fberndt3,Filippa,Berndt
jgrushin4@php.net,Q9DwJLLiKEc,0,jgrushin4,Jere,Grushin
sluke5@blogs.com,yDxwavoP8,0,sluke5,Sheppard,Luke
cphiller6@hugedomains.com,FLnwz639,0,cphiller6,Cullie,Philler
bbalint7@i2i.jp,uc0gTbR,0,bbalint7,Bunny,Balint
kdearth8@diigo.com,xPT2xiLVRPN9,0,kdearth8,Kev,Dearth
dmccall9@twitpic.com,f8m6RlHG,0,dmccall9,Dickie,McCall
tlawrya@dagondesign.com,2GSSeUki8,0,tlawrya,Timothea,Lawry
lestoileb@vistaprint.com,6ZpnsHKW,0,lestoileb,Lorin,Estoile
khattiganc@google.es,HsKu7t7Je,0,khattiganc,Kiele,Hattigan
fmccartand@geocities.com,D6Wcje,0,fmccartand,Falkner,McCartan
mbathe@nymag.com,aVS0g6,0,mbathe,Meris,Bath
bchevertonf@sohu.com,4jjtrw84pF9,0,bchevertonf,Brenn,Cheverton
helnaughg@hibu.com,G7WsXAomz,0,helnaughg,Harper,Elnaugh
bclemenzih@myspace.com,JRJfPAZHI3z,0,bclemenzih,Burg,Clemenzi
ddematteisi@spiegel.de,PagKaakMi,0,ddematteisi,Dante,De Matteis
lcosterdj@amazon.com,Jdggfkihc,0,lcosterdj,Lettie,Costerd
pglencroschek@yellowbook.com,pQwn9NMC,0,pglencroschek,Pepi,Glencrosche
ebarkhousel@webeden.co.uk,byqqZfi0j,0,ebarkhousel,Enos,Barkhouse
twisedalem@hatena.ne.jp,JLQhmOJFnf,0,twisedalem,Thorin,Wisedale
ssprouln@pcworld.com,YVaKKU77,0,ssprouln,Syman,Sproul
bpibwortho@cbslocal.com,07lIC7v,0,bpibwortho,Bret,Pibworth
egoodswenp@wisc.edu,zG2DRBmm0q,0,egoodswenp,Estrella,Goodswen
rkilroyq@wiley.com,Qz7hQs0,0,rkilroyq,Raye,Kilroy
gbassonr@woothemes.com,EiekipGQld,0,gbassonr,Gaultiero,Basson
pfyness@tripadvisor.com,dt6tXCJY,0,pfyness,Phip,Fynes
tternottt@sun.com,BIof5qye,0,tternottt,Tam,Ternott
mderechteru@ucoz.ru,RZuRaB0Z2ROQ,0,mderechteru,Mycah,De Rechter
mwedderburnv@harvard.edu,J8OkYGj,0,mwedderburnv,Margaux,Wedderburn
whegertyw@ed.gov,SJW0nHKcp,0,whegertyw,Winnie,Hegerty
olindmanx@yelp.com,oMljLephRo6F,0,olindmanx,Odetta,Lindman
sweldeny@opensource.org,TeWAjxTMpavl,0,sweldeny,Son,Welden
wletixierz@sciencedirect.com,uuPfhlw7I1,0,wletixierz,Waldemar,Letixier
mautry10@tinyurl.com,Fz9Zf0,0,mautry10,Maison,Autry
ghayley11@github.com,eyXVbeGWM8,0,ghayley11,Garrett,Hayley
iferens12@google.com.au,iIXUk1CiJfG,0,iferens12,Ingmar,Ferens
dleyman13@timesonline.co.uk,7TeP44mi,0,dleyman13,Doreen,Leyman
ceverall14@who.int,4qqd6P4v36,0,ceverall14,Cody,Everall
dbalazin15@github.com,bYUqrwHhaM8,0,dbalazin15,Davita,Balazin
kbasketfield16@canalblog.com,qxvPl5gEN,0,kbasketfield16,Kahaleel,Basketfield
rgherardi17@barnesandnoble.com,CsTA0BhO,0,rgherardi17,Rudy,Gherardi
bshinfield18@nhs.uk,l6hKSD,0,bshinfield18,Bret,Shinfield
kriepel19@engadget.com,mJ7MELK7,0,kriepel19,Kipper,Riepel
twisden1a@ihg.com,7EkrzG,0,twisden1a,Terrell,Wisden
goventon1b@si.edu,615YCk,0,goventon1b,Griffin,Oventon
lcastellini1c@google.com.au,FoBplTmX,0,lcastellini1c,Lacey,Castellini
bbescoby1d@istockphoto.com,p11YdYu8a,0,bbescoby1d,Bradney,Bescoby
mmasurel1e@lulu.com,IxtdQd,0,mmasurel1e,Milty,Masurel
mboykett1f@utexas.edu,TbGpyI,0,mboykett1f,Martica,Boykett
spiggot1g@typepad.com,NwKwlQ03,0,spiggot1g,Shauna,Piggot
rskone1h@xing.com,olafOH2eHx,0,rskone1h,Rickie,Skone
amcgilbon1i@arizona.edu,D9OoOpIcD3r,0,amcgilbon1i,Artemas,McGilbon
maltofts1j@amazon.de,wGHrQ37tMx,0,maltofts1j,Madge,Altofts
clangforth1k@ameblo.jp,CtB20VYH,0,clangforth1k,Chaim,Langforth
aminthorpe1l@chronoengine.com,zf4IvnlzA,0,aminthorpe1l,Armando,Minthorpe
lteague1m@dedecms.com,WRQ0tOq,0,lteague1m,Lev,Teague
tmcskin1n@amazon.co.jp,KDa2qLsNhfK,0,tmcskin1n,Thedric,McSkin
asighard1o@oakley.com,qJcrcMdcnZ,0,asighard1o,Adora,Sighard
asamwyse1p@buzzfeed.com,yTa3GAK,0,asamwyse1p,Alleen,Samwyse
hscoular1q@state.tx.us,XMg9vruT,0,hscoular1q,Helli,Scoular
stear1r@woothemes.com,wzooGMD,0,stear1r,Shelley,Tear
lwyer1s@phoca.cz,rBcr2pvJ6,0,lwyer1s,Laurie,Wyer
dalbany1t@tinyurl.com,bmcyeHnU,0,dalbany1t,Devondra,Albany
jgirdwood1u@gnu.org,SvmZsZ1td,0,jgirdwood1u,Jorgan,Girdwood
jkissell1v@oaic.gov.au,vY290uToWD,0,jkissell1v,Joella,Kissell
sarderne1w@mapquest.com,TCaABD,0,sarderne1w,Saundra,Arderne
llanchberry1x@facebook.com,9eJFfD,0,llanchberry1x,Leslie,Lanchberry
boverington1y@nytimes.com,xU17Uilx,0,boverington1y,Borg,Overington
gkinton1z@phoca.cz,5mQphSuiOPmH,0,gkinton1z,Grete,Kinton
gdankersley20@ebay.com,0NzVmna,0,gdankersley20,Gunter,Dankersley
tbote21@wordpress.com,Qtm3My,0,tbote21,Twyla,Bote
kleithharvey22@joomla.org,jfyURzBd,0,kleithharvey22,Kim,Leith-Harvey
chyett23@icq.com,umMZFrs5H,0,chyett23,Cherice,Hyett
sjeffs24@spiegel.de,yJCzKpNegZnm,0,sjeffs24,Shantee,Jeffs
dfantone25@google.co.uk,sAko9lY7Jw,0,dfantone25,Daffy,Fantone
rlabba26@netlog.com,nRZsZQX,0,rlabba26,Ronda,Labba
lquinet27@furl.net,B5FKEQDmUmRe,0,lquinet27,Libbey,Quinet
bsprowle28@youtu.be,JzwKTGSy,0,bsprowle28,Bevvy,Sprowle
belix29@usnews.com,3N4ulYTQpB,0,belix29,Bram,Elix
aostridge2a@prlog.org,BmEwrYQZkKW8,0,aostridge2a,Anatole,Ostridge
dkobu2b@amazon.com,XCRqeb5,0,dkobu2b,Davita,Kobu
vshelliday2c@hexun.com,JOt3nr,0,vshelliday2c,Vonnie,Shelliday
sboeck2d@disqus.com,nRQp0RX,0,sboeck2d,Shel,Boeck
aedlin2e@sitemeter.com,Ti0AYmOQJ,0,aedlin2e,Amandy,Edlin
icroll2f@w3.org,RhCMJo2czEq,0,icroll2f,Irvin,Croll
ehastin2g@naver.com,acDGTTYjAex8,0,ehastin2g,Emelina,Hastin
rtuffield2h@vinaora.com,bseMZq,0,rtuffield2h,Ragnar,Tuffield
jdellenty2i@chronoengine.com,kW66hJ,0,jdellenty2i,Jacquie,Dellenty
lmarjanski2j@elpais.com,VvxywHg,0,lmarjanski2j,Lowe,Marjanski
ttoler2k@latimes.com,kFgrWh,0,ttoler2k,Tildie,Toler
sager2l@columbia.edu,Fkgw2p2A3,0,sager2l,Skipton,Ager
mphalip2m@ed.gov,2eLA5MBRzVWG,0,mphalip2m,Mervin,Phalip
gthamelt2n@google.it,VOH8FxB9DaL,0,gthamelt2n,Goldi,Thamelt
sharraway2o@wsj.com,DwGMEKBV1P,0,sharraway2o,Stanley,Harraway
gallot2p@zimbio.com,vNlHIdfyE,0,gallot2p,Granville,Allot
rorrah2q@howstuffworks.com,y93Imc,0,rorrah2q,Richy,Orrah
mbaggalley2r@ifeng.com,MrdHNSviZZ,0,mbaggalley2r,Miran,Baggalley
dissard2s@npr.org,NeVphUo,0,dissard2s,Derril,Issard
dgieraths2t@seesaa.net,CnolO9F7,0,dgieraths2t,Dayle,Gieraths
cshaddock2u@ca.gov,9x2IbCqQNJ,0,cshaddock2u,Cyrille,Shaddock
apetrulis2v@over-blog.com,B9XkFfz,0,apetrulis2v,Abie,Petrulis
iwhannel2w@reuters.com,RvnPwKmjQ,0,iwhannel2w,Izak,Whannel
nmccambrois2x@meetup.com,vaLccujxe,0,nmccambrois2x,Neils,McCambrois
ajirek2y@miitbeian.gov.cn,jUjdrr8d,0,ajirek2y,Aurel,Jirek
doki2z@weebly.com,yd9fa2v1c,0,doki2z,Denny,Oki
swrefford30@drupal.org,tCCAwcI4,0,swrefford30,Siouxie,Wrefford
hmaccahee31@prlog.org,yYWYXFWb,0,hmaccahee31,Heriberto,MacCahee
alepiscopio32@skyrock.com,4uIukOgr0,0,alepiscopio32,Aguistin,L'Episcopio
bharflete33@java.com,AYbA1ha2k,0,bharflete33,Bliss,Harflete
lpowell34@google.com.br,1BMt9h,0,lpowell34,Lyn,Powell
ddunstan35@purevolume.com,j8urGn1SKti,0,ddunstan35,Del,Dunstan
tdinis36@foxnews.com,kGSbQBm9,0,tdinis36,Thomasin,Dinis
ahawarden37@msu.edu,XyKVHZY,0,ahawarden37,Alon,Hawarden
awasselin38@fc2.com,N06tqlR3,0,awasselin38,Adan,Wasselin
jbaudic39@opera.com,NCRPo70HrFAn,0,jbaudic39,Johnette,Baudic
ssherland3a@ning.com,aMnL5dOKu,0,ssherland3a,Sarena,Sherland
ppirrey3b@adobe.com,oRR6KJ0NkM,0,ppirrey3b,Pail,Pirrey
ifullwood3c@weibo.com,41oEnU3O,0,ifullwood3c,Ivette,Fullwood
cjelly3d@twitpic.com,FnOspIAB,0,cjelly3d,Consuelo,Jelly
mswaden3e@people.com.cn,bj65u5DGTaLZ,0,mswaden3e,Melly,Swaden
fpenberthy3f@yelp.com,GYOCUwPvv,0,fpenberthy3f,Flora,Penberthy
lpaget3g@dagondesign.com,ONfC42k,0,lpaget3g,Lexis,Paget
pgilardengo3h@flavors.me,iSt4cwFT1VdB,0,pgilardengo3h,Perla,Gilardengo
fakrigg3i@ftc.gov,nf7BrrBckJZU,0,fakrigg3i,Freddie,Akrigg
bskingle3j@mac.com,6Kgbhj,0,bskingle3j,Bendite,Skingle
amartschik3k@wunderground.com,cECacF,0,amartschik3k,Alfy,Martschik
lheld3l@addtoany.com,YFxh5TYeg6HC,0,lheld3l,Lynett,Held
cpask3m@cdbaby.com,Ho2P7W,0,cpask3m,Cassandry,Pask
wballham3n@paypal.com,SmCikCJjuA,0,wballham3n,Winnah,Ballham
efilippello3o@photobucket.com,VT3Za7sjm44,0,efilippello3o,Ellyn,Filippello
cfisby3p@census.gov,Tou7TdDosYwh,0,cfisby3p,Chandler,Fisby
mbradden3q@goodreads.com,AW7Jv1dF,0,mbradden3q,Melody,Bradden
frickerd3r@guardian.co.uk,f5zZdYiZ,0,frickerd3r,Frazier,Rickerd
bguerriero3s@whitehouse.gov,HHjSgi,0,bguerriero3s,Berky,Guerriero
lsim3t@mlb.com,8vEoNoZ557CD,0,lsim3t,Lana,Sim
gmaulden3u@comsenz.com,Z7tf61,0,gmaulden3u,Giacobo,Maulden
kschirak3v@nps.gov,VRHcDKA3E,0,kschirak3v,Katherina,Schirak
dbarracks3w@nps.gov,qwqvIRc,0,dbarracks3w,Davidson,Barracks
oflecknell3x@newsvine.com,ssVO8SZ3h2,0,oflecknell3x,Odille,Flecknell
gblazewski3y@businessinsider.com,WOVb4Y,0,gblazewski3y,Giuseppe,Blazewski
pstuck3z@list-manage.com,RBguzUke,0,pstuck3z,Patrizius,Stuck
aelcoate40@posterous.com,QrE6ylP1aVml,0,aelcoate40,Atlanta,Elcoate
jacland41@webs.com,rgbFySn,0,jacland41,Jesse,Acland
mwarriner42@meetup.com,F0QVRoryCER,0,mwarriner42,Mauricio,Warriner
hmorphet43@arstechnica.com,rwsNKU0G8x,0,hmorphet43,Hasty,Morphet
sgreenside44@etsy.com,eTdL5r2,0,sgreenside44,Sheilah,Greenside
agibbard45@bloglovin.com,NNSTeXZjI,0,agibbard45,Ann-marie,Gibbard
enellies46@shinystat.com,xnAXBV2,0,enellies46,Evvy,Nellies
larnout47@51.la,utYqzG,0,larnout47,Loni,Arnout
wswash48@howstuffworks.com,eyrgiVq7wH,0,wswash48,Weylin,Swash
cpeasgood49@berkeley.edu,WpaUIHSWkB,0,cpeasgood49,Carena,Peasgood
bquarrington4a@free.fr,eiCXG8xmMol,0,bquarrington4a,Blanca,Quarrington
ajoinsey4b@last.fm,xTrvH4pGEat,0,ajoinsey4b,Andie,Joinsey
gkordt4c@mayoclinic.com,VZSLovsRu,0,gkordt4c,Gaylene,Kordt
nratter4d@ibm.com,mkdyvv,0,nratter4d,Nappie,Ratter
bsiggens4e@eepurl.com,ARp5wUFTrAc,0,bsiggens4e,Baily,Siggens
rlearmont4f@census.gov,didcAeku,0,rlearmont4f,Royce,Learmont
sveitch4g@reuters.com,O9hEXvjPCUd,0,sveitch4g,Sebastien,Veitch
bgerardot4h@friendfeed.com,iyO9xUgSbk,0,bgerardot4h,Burtie,Gerardot
aradoux4i@state.tx.us,NJDf0n0wkeB,0,aradoux4i,Alexandre,Radoux
rfearneley4j@nasa.gov,pFN6Pn,0,rfearneley4j,Ruthanne,Fearneley
dgreening4k@cdc.gov,Biu5npAM,0,dgreening4k,Don,Greening
gsyce4l@artisteer.com,P0QvQr1zdU1b,0,gsyce4l,Gabriela,Syce
jbortolozzi4m@marriott.com,BJgr8H,0,jbortolozzi4m,Jacinta,Bortolozzi
mvanvelden4n@indiegogo.com,y1OM43Iylxa,0,mvanvelden4n,Massimiliano,Van Velden
sbellwood4o@princeton.edu,hfp0rY,0,sbellwood4o,Svend,Bellwood
hpenvarne4p@businessinsider.com,JrNgddtMjW,0,hpenvarne4p,Hobart,Penvarne
kdibble4q@networkadvertising.org,5F1uTK2CUIup,0,kdibble4q,Kelley,Dibble
momeara4r@discuz.net,8zVmf1,0,momeara4r,Melvin,O'Meara
bquarterman4s@cpanel.net,zU01hhHcE,0,bquarterman4s,Brady,Quarterman
bslocket4t@google.de,ZF0MUrQ,0,bslocket4t,Bliss,Slocket
rmuddle4u@zimbio.com,ZOX90ZOiG,0,rmuddle4u,Raimondo,Muddle
chubback4v@mtv.com,QuhpUDw,0,chubback4v,Cindra,Hubback
tcoper4w@alexa.com,XWkQLZp,0,tcoper4w,Tammie,Coper
rorrin4x@wiley.com,QSa4HNb9LT,0,rorrin4x,Rutger,Orrin
pswyne4y@reference.com,PXWs0K99xkD9,0,pswyne4y,Putnam,Swyne
closel4z@businessinsider.com,YXU9kj7XVv7,0,closel4z,Christan,Losel
abredee50@w3.org,2tsKZH2fm2,0,abredee50,Aggie,Bredee
afrancom51@jigsy.com,CbeXoEg63F6Q,0,afrancom51,Aleen,Francom
scella52@comcast.net,jzJHGX,0,scella52,Sergent,Cella
acowope53@cbslocal.com,oYLlgmBAFDQ,0,acowope53,Alana,Cowope
sraigatt54@qq.com,wTK4hi08W7,0,sraigatt54,Shell,Raigatt
ppoter55@fotki.com,ybVyFqf,0,ppoter55,Pammy,Poter
cwyvill56@ocn.ne.jp,vPkjiJcBr,0,cwyvill56,Clementina,Wyvill
lshute57@symantec.com,EvAlkcDG,0,lshute57,Lanette,Shute
kskeats58@hao123.com,Q2VrusfmY,0,kskeats58,Kippar,Skeats
lleatt59@mozilla.org,sUgOofpeL3Xb,0,lleatt59,Luci,Leatt
llerner5a@sakura.ne.jp,HtJXr7AT,0,llerner5a,Lockwood,Lerner
pendecott5b@furl.net,PqP0uLVKK,0,pendecott5b,Pattie,Endecott
kvowdon5c@dot.gov,4C85ohbU6iB,0,kvowdon5c,Kristan,Vowdon
grenault5d@sina.com.cn,iTZ5bynPdD8,0,grenault5d,Gustav,Renault
mfrancesco5e@earthlink.net,Cz6ks6tQdz,0,mfrancesco5e,Marysa,Francesco
sberic5f@reuters.com,5bITRY6qpAf1,0,sberic5f,Salome,Beric
hkira5g@wikimedia.org,mNV1nTyOLps,0,hkira5g,Heloise,Kira
dfanner5h@msu.edu,dxWGsw,0,dfanner5h,Doe,Fanner
mgallop5i@nyu.edu,IOrgR6JV,0,mgallop5i,Marcelline,Gallop
pschlag5j@mysql.com,8PLAVuZ,0,pschlag5j,Petronille,Schlag
cspeak5k@trellian.com,vtbjJFazW,0,cspeak5k,Caitrin,Speak
mmcilveen5l@github.io,zvHCogHDJKAq,0,mmcilveen5l,Mechelle,McIlveen
syouhill5m@hhs.gov,Ge14zdMttJDr,0,syouhill5m,Stafford,Youhill
dnoyce5n@github.com,Nr1c63,0,dnoyce5n,Delinda,Noyce
msisselot5o@samsung.com,hIj43YMpHLzi,0,msisselot5o,Malanie,Sisselot
awalklate5p@fema.gov,mug7xFl,0,awalklate5p,Archer,Walklate
hschuler5q@gizmodo.com,CtCn1cMb,0,hschuler5q,Herby,Schuler
ljarrelt5r@ebay.co.uk,uXneFTO0gKjn,0,ljarrelt5r,Lisha,Jarrelt
hshackleford5s@1688.com,bqzaMMthvq6c,0,hshackleford5s,Hermia,Shackleford
aspillane5t@t-online.de,SrZ4nrddyi,0,aspillane5t,Almeda,Spillane
eallward5u@elegantthemes.com,XOcJh7IV,0,eallward5u,Evan,Allward
epawelczyk5v@bluehost.com,7DdbYy,0,epawelczyk5v,Ekaterina,Pawelczyk
dbrobyn5w@yahoo.co.jp,Wt4Rcjuo7,0,dbrobyn5w,Dewain,Brobyn
lmathieu5x@wikipedia.org,lCYmRSL,0,lmathieu5x,Leonanie,Mathieu
ksooper5y@gnu.org,h9twql,0,ksooper5y,Kasey,Sooper
mking5z@barnesandnoble.com,3w16Z78l1e69,0,mking5z,Merry,King
mkelsey60@irs.gov,Tlv7JdVwwx,0,mkelsey60,Modestia,Kelsey
afattore61@ebay.com,qDYTs5PvY,0,afattore61,Allen,Fattore
dpatterson62@bigcartel.com,pCCzqHCzym45,0,dpatterson62,Danell,Patterson
tmccrow63@google.com.hk,5Viu1rjxS,0,tmccrow63,Thane,McCrow
cendon64@etsy.com,jnvqupdPmC,0,cendon64,Case,Endon
kszwandt65@mashable.com,iTnVOrcIzd,0,kszwandt65,Kerr,Szwandt
araddish66@so-net.ne.jp,FZqrX7kbs,0,araddish66,Aurie,Raddish
gcurr67@wikia.com,tlAPZZcM7K5Z,0,gcurr67,Gill,Curr
pmariault68@wikipedia.org,Xw7T4MMv6,0,pmariault68,Perle,Mariault
sbeardsworth69@businessweek.com,vSBXqONqWV,0,sbeardsworth69,Sandy,Beardsworth
gzupo6a@bluehost.com,AzsxP5NDKvEd,0,gzupo6a,Gae,Zupo
ehawton6b@instagram.com,4V4UwYDnnddK,0,ehawton6b,Eyde,Hawton
cchetwynd6c@mashable.com,FzIkr5,0,cchetwynd6c,Cordula,Chetwynd
vcaird6d@mysql.com,rBqlUmo,0,vcaird6d,Verney,Caird
kbedding6e@blinklist.com,tLznOj,0,kbedding6e,Kenton,Bedding
mreisk6f@google.ru,xdpgTOFQyG,0,mreisk6f,Martha,Reisk
aasee6g@google.ru,gqJIX7c22HF,0,aasee6g,Angele,Asee
btowndrow6h@plala.or.jp,j142TKqEy1u,0,btowndrow6h,Breena,Towndrow
mpondjones6i@shareasale.com,wzakyJE6257a,0,mpondjones6i,Matelda,Pond-Jones
fhaitlie6j@qq.com,JN5sAYxJ90g,0,fhaitlie6j,Ferdie,Haitlie
ookeaveny6k@eventbrite.com,yhF5aQ,0,ookeaveny6k,Ozzy,O'Keaveny
dmacshane6l@pen.io,G9EnRZUk5R7W,0,dmacshane6l,Don,MacShane
abricksey6m@vinaora.com,nuXzHn,0,abricksey6m,Aloisia,Bricksey
teilers6n@cdc.gov,Q4EvdrKG,0,teilers6n,Tomasine,Eilers
tfraniak6o@surveymonkey.com,ZQkncxTne,0,tfraniak6o,Theadora,Franiak
egaynsford6p@fotki.com,XiAa6kjAHO,0,egaynsford6p,Evelyn,Gaynsford
abraybrooke6q@vk.com,lNY6A4t,0,abraybrooke6q,Allianora,Braybrooke
cnetley6r@nasa.gov,5mcgm9wUau7,0,cnetley6r,Consolata,Netley
khuccaby6s@bluehost.com,1X7o3DsAIwcN,0,khuccaby6s,Konstance,Huccaby
aream6t@sun.com,46i7as0,0,aream6t,Ana,Ream
eclarae6u@netscape.com,bhTbNxaYb7F,0,eclarae6u,Eileen,Clarae
fharder6v@tmall.com,PfXmMwlQ,0,fharder6v,Fraser,Harder
efrancois6w@opensource.org,se1VQSkM,0,efrancois6w,Em,Francois
gmacian6x@theguardian.com,AW1aRFZDQ,0,gmacian6x,Giraud,MacIan
kgorini6y@last.fm,EpJBtTkWed,0,kgorini6y,Krisha,Gorini
mveivers6z@google.it,FV1Ols1p5w,0,mveivers6z,Miguel,Veivers
nbelly70@cbsnews.com,liD0GS,0,nbelly70,Noak,Belly
clanfranconi71@infoseek.co.jp,jHFGWSaS,0,clanfranconi71,Christy,Lanfranconi
lroyste72@youtube.com,xIMpbg,0,lroyste72,Luciana,Royste
wwint73@thetimes.co.uk,U19xAw1N,0,wwint73,Wolfgang,Wint
apikesley74@digg.com,5hr1qsg3yn4,0,apikesley74,Aaron,Pikesley
acaldero75@census.gov,eehteDQo0,0,acaldero75,Addi,Caldero
mcrichten76@topsy.com,TEC8ZC,0,mcrichten76,Martita,Crichten
irochester77@patch.com,4NWhwRHe,0,irochester77,Ina,Rochester
scrowley78@bing.com,T2pn3fnDiFb,0,scrowley78,Sayers,Crowley
amuckeen79@apple.com,AZyp3mTQC,0,amuckeen79,Abra,Muckeen
kwillson7a@usgs.gov,d3NylCU,0,kwillson7a,Kari,Willson
osambell7b@cloudflare.com,v73BxEmUf,0,osambell7b,Otes,Sambell
nlevitt7c@multiply.com,snoGga,0,nlevitt7c,Nani,Levitt
eeagar7d@myspace.com,DXhjF3K,0,eeagar7d,Esta,Eagar
cnathan7e@state.gov,pmtlEgWZ,0,cnathan7e,Consolata,Nathan
chulle7f@chron.com,huN0dXCPL,0,chulle7f,Cull,Hulle
hclarabut7g@blinklist.com,UDznaQe,0,hclarabut7g,Helli,Clarabut
pkondrachenko7h@webmd.com,9dtvkl,0,pkondrachenko7h,Pooh,Kondrachenko
jmathiot7i@gnu.org,kvBtVMs1Y,0,jmathiot7i,Jessey,Mathiot
tcundict7j@samsung.com,BhiTcL,0,tcundict7j,Therine,Cundict
aklezmski7k@springer.com,mEHicHkk,0,aklezmski7k,Agna,Klezmski
khebard7l@army.mil,EChzERiqrJtm,0,khebard7l,Kania,Hebard
dthackeray7m@fema.gov,iz4gsNtphen,0,dthackeray7m,Dinah,Thackeray
pwhitticks7n@senate.gov,RlSQJBghTJym,0,pwhitticks7n,Poppy,Whitticks
pbonass7o@youtube.com,awOlRFRyL4,0,pbonass7o,Peg,Bonass
slukash7p@mapy.cz,lmAMHMSE,0,slukash7p,Sophia,Lukash
dcallear7q@yellowbook.com,YrktHww3nn,0,dcallear7q,Dexter,Callear
tizard7r@google.fr,vhFyKHE6E9,0,tizard7r,Theo,Izard
dgoncaves7s@economist.com,3vzt5hh,0,dgoncaves7s,Devin,Goncaves
tarmsden7t@domainmarket.com,3fDf1qZwBlJ2,0,tarmsden7t,Tish,Armsden
rjeanequin7u@ft.com,CE9isD,0,rjeanequin7u,Rochella,Jeanequin
gstandley7v@cafepress.com,v4DS9VG48,0,gstandley7v,Gert,Standley
aqueenborough7w@reference.com,KB7TWck,0,aqueenborough7w,Aloisia,Queenborough
hmattityahou7x@diigo.com,CsB6i6U9RrE,0,hmattityahou7x,Huntington,Mattityahou
gdenzilow7y@cargocollective.com,29qs4w4INn,0,gdenzilow7y,Goraud,Denzilow
jletteresse7z@foxnews.com,eVqkps4uBWGC,0,jletteresse7z,Jabez,Letteresse
wjanowski80@va.gov,nbKX1rnT8mk,0,wjanowski80,Weidar,Janowski
efazzioli81@symantec.com,XK8PFjRmZ5Rq,0,efazzioli81,Elise,Fazzioli
ewurst82@marriott.com,bEnDb4E,0,ewurst82,Editha,Wurst
bwisson83@ucla.edu,9KtEkZBwIM4c,0,bwisson83,Bambie,Wisson
nbousler84@accuweather.com,EO0GElzB,0,nbousler84,Nev,Bousler
rbarstow85@yahoo.co.jp,jl02It35f,0,rbarstow85,Rafa,Barstow
bsalzburg86@reference.com,fdPuGs9aPd,0,bsalzburg86,Britteny,Salzburg
jkunzel87@mlb.com,p9qjeW2f,0,jkunzel87,Jeannine,Kunzel
dcristoforo88@hp.com,qtbPXH,0,dcristoforo88,Duff,Cristoforo
dmacleod89@bbc.co.uk,jcscOdq,0,dmacleod89,Desmund,MacLeod
tdalgarno8a@zdnet.com,NaQtHWn5RzVw,0,tdalgarno8a,Trixy,Dalgarno
tderycot8b@independent.co.uk,8S7xuFfimHgK,0,tderycot8b,Todd,Derycot
skenyon8c@blog.com,vZXpOSpm,0,skenyon8c,Stephani,Kenyon
dfalconbridge8d@tmall.com,GhxREc81pS,0,dfalconbridge8d,Denver,Falconbridge
kpablo8e@jugem.jp,cp4uIHS5U,0,kpablo8e,Krishna,Pablo
ojayume8f@twitter.com,8ofYaN,0,ojayume8f,Othella,Jayume
dbazeley8g@google.ru,DBSlhp3,0,dbazeley8g,Duff,Bazeley
fstearn8h@wikipedia.org,S10qSXMVw,0,fstearn8h,Fields,Stearn
kghidini8i@over-blog.com,8wTL8isVOb,0,kghidini8i,Katinka,Ghidini
dkrolak8j@blogs.com,K6mE7x,0,dkrolak8j,Deni,Krolak
wletrange8k@npr.org,cDSL21PskPm,0,wletrange8k,Winnifred,Letrange
echaplyn8l@cornell.edu,JIvAp0JH,0,echaplyn8l,Em,Chaplyn
tphipson8m@usa.gov,LA7muCF,0,tphipson8m,Tabbi,Phipson
tcastle8n@eventbrite.com,Y8G53zhM,0,tcastle8n,Tuck,Castle
rbardnam8o@jimdo.com,vkZejH7bf,0,rbardnam8o,Rozanne,Bardnam
phargreaves8p@cargocollective.com,G7kklP4z3,0,phargreaves8p,Padraig,Hargreaves
ccorbett8q@slideshare.net,sxctGIXS3,0,ccorbett8q,Cecilio,Corbett
abluschke8r@newyorker.com,Yef32MkQfgF,0,abluschke8r,Allistir,Bluschke
pmarshalleck8s@nbcnews.com,tLonMf,0,pmarshalleck8s,Penelopa,Marshalleck
jcarryer8t@over-blog.com,F700jV,0,jcarryer8t,Janeen,Carryer
pmortell8u@ftc.gov,EhGkY4hfpHW6,0,pmortell8u,Pauletta,Mortell
neastham8v@flavors.me,VDGt5O,0,neastham8v,Nancee,Eastham
nbeardow8w@skyrock.com,9VZ1C8cw,0,nbeardow8w,Netty,Beardow
jgatehouse8x@fotki.com,iK6BqTas3H,0,jgatehouse8x,Juliane,Gatehouse
ivanhaeften8y@seesaa.net,u8B4x2hB,0,ivanhaeften8y,Ignatius,Van Haeften
bhowsam8z@blogger.com,7v4zqUpb1,0,bhowsam8z,Bonnee,Howsam
orhodes90@businessweek.com,5ccl11q,0,orhodes90,Orelee,Rhodes
fgosford91@themeforest.net,CjbbK050,0,fgosford91,Federica,Gosford
ahamel92@pen.io,nEGpzksYzj,0,ahamel92,Adele,Hamel
cberrie93@constantcontact.com,L7KzAziEN,0,cberrie93,Crystie,Berrie
akernar94@vkontakte.ru,j6iW3eLhkT0X,0,akernar94,Abdel,Kernar
kmacfadin95@hugedomains.com,NNR7Co,0,kmacfadin95,Konstanze,MacFadin
mstitt96@slashdot.org,hux0aZl,0,mstitt96,Manon,Stitt
fleroy97@ucla.edu,K85qnOI1,0,fleroy97,Free,Leroy
lluesley98@nature.com,RbUCe1RMfV6h,0,lluesley98,Lauraine,Luesley
gvasichev99@mtv.com,DmFI7KG8q,0,gvasichev99,Guillema,Vasichev
jpeachman9a@desdev.cn,d15RjaNlL1,0,jpeachman9a,Jennee,Peachman
ofarquar9b@twitter.com,ipuTJ3I,0,ofarquar9b,Olga,Farquar
ahowlings9c@shop-pro.jp,m9JW8yANL2,0,ahowlings9c,Alphonse,Howlings
ehicken9d@typepad.com,8ldEtE,0,ehicken9d,Ewan,Hicken
dtrevaskiss9e@rakuten.co.jp,gt13xGyA5n,0,dtrevaskiss9e,Donella,Trevaskiss
mphelipeaux9f@gnu.org,qetKImM7uZhn,0,mphelipeaux9f,Moyna,Phelipeaux
cvurley9g@hc360.com,1Bkk76,0,cvurley9g,Carlie,Vurley
dmackain9h@mayoclinic.com,cccFLA4rhM,0,dmackain9h,Derron,MacKain
mrheam9i@java.com,6YtzwuWlOXy,0,mrheam9i,Malinde,Rheam
gtonbye9j@canalblog.com,skTng7Llo,0,gtonbye9j,Goldarina,Tonbye
hrollings9k@msu.edu,4U9Kx7Ws8Wp,0,hrollings9k,Hamlin,Rollings
zcaldwell9l@phpbb.com,li3oXg,0,zcaldwell9l,Zuzana,Caldwell
aedwins9m@dagondesign.com,0JnhNKIg,0,aedwins9m,Ashbey,Edwins
eoakton9n@accuweather.com,MpyC6N,0,eoakton9n,Ethelda,Oakton
nconniam9o@webmd.com,6NyYdw,0,nconniam9o,Nettie,Conniam
eberg9p@sbwire.com,9hrINaaP,0,eberg9p,Eartha,Berg
dtanner9q@seattletimes.com,SXEheDT,0,dtanner9q,Danella,Tanner
cobispo9r@oracle.com,VFarLFdcXR,0,cobispo9r,Creight,Obispo
pperutto9s@go.com,PS308I,0,pperutto9s,Phineas,Perutto
adrysdale9t@usnews.com,oHqMSI,0,adrysdale9t,Audre,Drysdale
cpatria9u@jalbum.net,sYNW914rX,0,cpatria9u,Caritta,Patria
aambrosoli9v@msu.edu,HyGTVIypry,0,aambrosoli9v,Alessandra,Ambrosoli
nsemens9w@yolasite.com,AqIQwcXyI,0,nsemens9w,Niel,Semens
escadding9x@intel.com,6OCho2RwSx,0,escadding9x,Enriqueta,Scadding
fsokell9y@wiley.com,q9UZizD75boW,0,fsokell9y,Fanechka,Sokell
pleversuch9z@meetup.com,yD0nMlX0,0,pleversuch9z,Pall,Leversuch
tbinnya0@fda.gov,QkDwAMNDXqRu,0,tbinnya0,Trent,Binny
toliveya1@comsenz.com,0Px7Oxypj,0,toliveya1,Tam,Olivey
acotesa2@ibm.com,PPu3LnaAWmG,0,acotesa2,Armand,Cotes
mmonteitha3@so-net.ne.jp,IDueQzvkg4i,0,mmonteitha3,Marie-jeanne,Monteith
babada4@sakura.ne.jp,ILMWgf2,0,babada4,Brody,Abad
lbygreavesa5@is.gd,diY8WjMd6W,0,lbygreavesa5,Lem,Bygreaves
taleksandreva6@arizona.edu,ChGmwzjX,0,taleksandreva6,Terrie,Aleksandrev
dpassa7@vistaprint.com,dR23AjxTu,0,dpassa7,Dominique,Pass
mgribbella8@arizona.edu,z9CqVvAa5AFY,0,mgribbella8,Melvin,Gribbell
ebertwistlea9@cnn.com,9MIisS,0,ebertwistlea9,Ellswerth,Bertwistle
dcarveraa@constantcontact.com,LGHY6K,0,dcarveraa,Dulcea,Carver
sjamesab@skyrock.com,dKPXxrq,0,sjamesab,Shawn,James
cdyshartac@jugem.jp,utvuqOsGni1,0,cdyshartac,Chantalle,Dyshart
eburnipad@icio.us,SmI73uQQ,0,eburnipad,Elijah,Burnip
mgarrandae@jugem.jp,vQ1Eu3S7mCA,0,mgarrandae,Missie,Garrand
rbitchenoaf@privacy.gov.au,oVkqtzIy,0,rbitchenoaf,Rhetta,Bitcheno
mberisfordag@tinyurl.com,517pjMQ0q0aY,0,mberisfordag,Mavra,Berisford
lsigginsah@wikipedia.org,xNqyH5duE,0,lsigginsah,Leisha,Siggins
ztilleai@reddit.com,69Mnrb,0,ztilleai,Zebadiah,Tille
jarmatidgeaj@yelp.com,S2H8XR8S6HdI,0,jarmatidgeaj,Josefina,Armatidge
tlamborneak@i2i.jp,3uDqGRFK,0,tlamborneak,Tiebout,Lamborne
abuffal@tamu.edu,hfo8kaSzfUB,0,abuffal,Aurelie,Buff
gdurningam@ycombinator.com,91cutalkgUH,0,gdurningam,Gannie,Durning
mkemmishan@google.cn,VTVaOIWo,0,mkemmishan,Micaela,Kemmish
cogleyao@purevolume.com,UbC3Oly,0,cogleyao,Case,Ogley
kbaymanap@biblegateway.com,WiQVthmZM,0,kbaymanap,Kore,Bayman
slamasnaaq@ucoz.com,R7XOONjObMV6,0,slamasnaaq,Sawyer,Lamasna
cotteear@chron.com,zSAhpEHNh,0,cotteear,Chen,Ottee
shaddrillas@census.gov,in3y57h7,0,shaddrillas,Sean,Haddrill
sdeganat@blog.com,r93Yg8QhzwWf,0,sdeganat,Susi,Degan
wgoodinsonau@dyndns.org,h7r8po,0,wgoodinsonau,Wilfrid,Goodinson
apeiroav@usnews.com,zun5VC3ZC0J,0,apeiroav,Ashli,Peiro
hedmonsaw@webnode.com,ZTZXawQ0Xz,0,hedmonsaw,Hazel,Edmons
mmckevinax@goo.ne.jp,Z5MvRk,0,mmckevinax,Merrielle,McKevin
aduckeray@usa.gov,aAPM0oBz1E,0,aduckeray,Annamarie,Ducker
ddabelaz@mit.edu,DttgFjaaabfr,0,ddabelaz,Devon,Dabel
pescalanteb0@google.co.uk,0PoXRSeZk,0,pescalanteb0,Putnem,Escalante
bstobbartb1@buzzfeed.com,sapJTG,0,bstobbartb1,Bruno,Stobbart
aruleb2@shop-pro.jp,g2xVHMq5Sfp,0,aruleb2,Alex,Rule
ccredlandb3@wordpress.com,iTNTfnnV1zJ,0,ccredlandb3,Carlotta,Credland
mrizzinib4@archive.org,4SkSTJ6TZ2Z,0,mrizzinib4,Mark,Rizzini
flochheadb5@digg.com,CDl8myKD,0,flochheadb5,Fabio,Lochhead
sbaleb6@discuz.net,ii4OxaGGz,0,sbaleb6,Sukey,Bale
naxbyb7@ycombinator.com,hDa3396W15ks,0,naxbyb7,Nickey,Axby
cjinksb8@newsvine.com,LqihJMSFIk,0,cjinksb8,Clovis,Jinks
vedmandsb9@marriott.com,FbvlSdL,0,vedmandsb9,Viva,Edmands
chollidgeba@w3.org,sNeMderV,0,chollidgeba,Cory,Hollidge
lskeelbb@europa.eu,UJBSHKaIfxQ3,0,lskeelbb,Lazare,Skeel
lcandiebc@psu.edu,DUvBKc,0,lcandiebc,Llywellyn,Candie
jmorrowebd@networksolutions.com,fx5FkytJKmg,0,jmorrowebd,Jobey,Morrowe
gjosskowitzbe@bravesites.com,HBwQKW,0,gjosskowitzbe,Gery,Josskowitz
mmarchenkobf@fema.gov,DgzPXzgTt,0,mmarchenkobf,Merrill,Marchenko
mvuittonbg@yellowpages.com,RINZWiR,0,mvuittonbg,Melamie,Vuitton
jdanielsbh@spotify.com,IZNB4w,0,jdanielsbh,Jonell,Daniels
dlinggardbi@themeforest.net,D8840JldI,0,dlinggardbi,Dacie,Linggard
gduddenbj@sohu.com,LmB3hLA,0,gduddenbj,Grayce,Dudden
lsanchisbk@amazon.com,ogqtBkO,0,lsanchisbk,Luz,Sanchis
lflorentinebl@biglobe.ne.jp,aKeLEz5,0,lflorentinebl,Lola,Florentine
ncoenbm@wiley.com,fkIPzgX4q,0,ncoenbm,Natala,Coen
ggludorbn@dmoz.org,Ldh9aM,0,ggludorbn,Germana,Gludor
lzapaterobo@123-reg.co.uk,alhMB1,0,lzapaterobo,Lana,Zapatero
jfuidgebp@upenn.edu,EWWgEHcVXaux,0,jfuidgebp,Jacenta,Fuidge
ofuzzardbq@sphinn.com,DaUHIQY2,0,ofuzzardbq,Oona,Fuzzard
scorderobr@dropbox.com,PHm8gY,0,scorderobr,Sal,Cordero
bbrignallbs@columbia.edu,aElb77Xf6oh,0,bbrignallbs,Brooks,Brignall
gforcadebt@intel.com,fPsH2Um987lc,0,gforcadebt,Gusti,Forcade
lfigurabu@umich.edu,FJeZ7yAAo,0,lfigurabu,Lorita,Figura
dsmithermanbv@about.me,FnSUOw8eQA,0,dsmithermanbv,Darya,Smitherman
anevisonbw@google.pl,W0bt7yulABT,0,anevisonbw,Akim,Nevison
bduchartbx@comcast.net,fAvjHJpOpm5,0,bduchartbx,Byrann,Duchart
ojiroutkaby@bandcamp.com,E3qu7fe,0,ojiroutkaby,Orlando,Jiroutka
sveltmannbz@dropbox.com,wzs0hcqG5P1W,0,sveltmannbz,Sayre,Veltmann
lmckeranc0@hibu.com,aQMnYx,0,lmckeranc0,Laina,McKeran
gduganc1@mayoclinic.com,TgP1ApZD,0,gduganc1,Greta,Dugan
ciacomoc2@huffingtonpost.com,5gzdBZvM,0,ciacomoc2,Cicily,Iacomo
clamckenc3@pen.io,scdN6RgW3ff,0,clamckenc3,Cristi,Lamcken
hcurrorc4@google.com.hk,cbVY9n,0,hcurrorc4,Hilario,Curror
ngrassc5@i2i.jp,Jmhf5HWKv8ik,0,ngrassc5,Nonah,Grass
dbloodworthec6@ftc.gov,RvqPokAA,0,dbloodworthec6,Diandra,Bloodworthe
tdabnotc7@webeden.co.uk,VQPWAchaE0,0,tdabnotc7,Thekla,Dabnot
hremonc8@walmart.com,VfzOA6WxvZRh,0,hremonc8,Hastings,Remon
ssenecautc9@unblog.fr,gS65qxyCPmc8,0,ssenecautc9,Suzie,Senecaut
kmarcussenca@discuz.net,mboqHB3w,0,kmarcussenca,Kayle,Marcussen
eivanichevcb@intel.com,IvuKbnrdyq5G,0,eivanichevcb,Elicia,Ivanichev
cbillettcc@economist.com,tr6PAMj,0,cbillettcc,Catina,Billett
nissakovcd@wunderground.com,d1xt2cor42oG,0,nissakovcd,Nariko,Issakov
ptathacottce@fema.gov,NQWlvhJf7sD,0,ptathacottce,Pedro,Tathacott
dradmercf@flickr.com,uVzvFkV2,0,dradmercf,Dori,Radmer
cdugancg@ibm.com,vG5sXG31M,0,cdugancg,Clywd,Dugan
ekubickich@bbc.co.uk,u46uipHB0I3,0,ekubickich,Edeline,Kubicki
kgandersci@goo.ne.jp,U8fFPyEx,0,kgandersci,Kingston,Ganders
bmcdermottrowcj@reddit.com,2dJJszH36k,0,bmcdermottrowcj,Brady,McDermott-Row
ohaddickck@yandex.ru,6LmaF3,0,ohaddickck,Olav,Haddick
smangioncl@usda.gov,dO6GaJXCS,0,smangioncl,Smith,Mangion
ipogsoncm@github.com,r4m1Y6CZal,0,ipogsoncm,Isa,Pogson
aboocockcn@vimeo.com,4V1VPTPs,0,aboocockcn,Ambur,Boocock
elucchico@usnews.com,yPncfFC,0,elucchico,Erna,Lucchi
jwortscp@constantcontact.com,VuUVaU2,0,jwortscp,Jolee,Worts
nostrichcq@github.com,ZtKJrakqSc,0,nostrichcq,Nicolis,Ostrich
rcritophcr@oakley.com,ivFgQwPeU9qb,0,rcritophcr,Ring,Critoph
qveroniquecs@arstechnica.com,kR1Ml03T,0,qveroniquecs,Quintin,Veronique
jjewissct@examiner.com,IX1Iiq7PT,0,jjewissct,Jennilee,Jewiss
etessingtoncu@ezinearticles.com,BVdMtf5X,0,etessingtoncu,Ebonee,Tessington
mpolotticv@techcrunch.com,KF9nfhZK,0,mpolotticv,Maurizia,Polotti
rsheivelscw@zdnet.com,hqEJZWJIp2T4,0,rsheivelscw,Raf,Sheivels
cwildmancx@seesaa.net,LmvvEnBLLq1,0,cwildmancx,Catlin,Wildman
vbuscy@telegraph.co.uk,96dfETRqsy,0,vbuscy,Valentijn,Bus
dmaclleesecz@amazonaws.com,Kqy2lQRr,0,dmaclleesecz,Donetta,MacLleese
cwalkingshawd0@1688.com,QXvkbObyy,0,cwalkingshawd0,Clare,Walkingshaw
etocherd1@woothemes.com,ZWsJfLddbwR4,0,etocherd1,Elliot,Tocher
gtandyd2@mashable.com,eAcH3PEI,0,gtandyd2,Gregorio,Tandy
glarsd3@icq.com,Xtf47g,0,glarsd3,Gretchen,Lars
khickend4@myspace.com,WIDhoPiIY,0,khickend4,Karlik,Hicken
cmacenellyd5@comsenz.com,BIs5TfoM2,0,cmacenellyd5,Charlean,MacEnelly
bdowd6@trellian.com,iRjEQ2V3S,0,bdowd6,Blane,Dow
mkettlestringd7@ycombinator.com,PkzMTlls49UH,0,mkettlestringd7,Madonna,Kettlestring
jbickerd8@feedburner.com,dj0ieC5y6JOw,0,jbickerd8,Jeffrey,Bicker
abimd9@biglobe.ne.jp,r3fS5Xjt79T,0,abimd9,Arin,Bim
dheafordda@skyrock.com,5jXnG0AOO,0,dheafordda,Daniella,Heaford
dtroyesdb@loc.gov,WtzNGMApl,0,dtroyesdb,Damon,Troyes
sgallatlydc@wunderground.com,ShjAMquMYnVN,0,sgallatlydc,Shelley,Gallatly
ibabedd@irs.gov,y5Q93obFW,0,ibabedd,Iorgos,Babe
tromaynesde@wikispaces.com,ISpQXUwV,0,tromaynesde,Tish,Romaynes
sfinnigandf@addtoany.com,PqyHfn20nrWs,0,sfinnigandf,Sander,Finnigan
vgaskindg@deliciousdays.com,tLamwYd5D2I,0,vgaskindg,Vere,Gaskin
adanielsohndh@salon.com,7tIFBNIlB,0,adanielsohndh,Aeriell,Danielsohn
gscotsbrookdi@paginegialle.it,Z4x6R2,0,gscotsbrookdi,Gardy,Scotsbrook
jburnittdj@addtoany.com,dRvVdcx,0,jburnittdj,Janel,Burnitt
hlarimerdk@moonfruit.com,k1RsC2,0,hlarimerdk,Harv,Larimer
esuttelldl@ox.ac.uk,iWbn84nWx,0,esuttelldl,Eartha,Suttell
bmcpeetersdm@quantcast.com,SDx8DC74w,0,bmcpeetersdm,Boothe,McPeeters
aodennehydn@cisco.com,TSINJo4,0,aodennehydn,Annabelle,O'Dennehy
bdelmontido@google.com.au,r7QG7io,0,bdelmontido,Bobbette,Delmonti
lashmoledp@tmall.com,M5VECSGJq,0,lashmoledp,Lucretia,Ashmole
tscholedq@pen.io,KAk4jd2l5ul,0,tscholedq,Terri-jo,Schole
dlampertidr@bloomberg.com,MtRlnd8jU,0,dlampertidr,Dosi,Lamperti
flattimerds@bing.com,xoqXBKXGq,0,flattimerds,Franny,Lattimer
rdunhilldt@mysql.com,D7QvoDjwxy,0,rdunhilldt,Reeva,Dunhill
lbringloedu@ezinearticles.com,UlprhtA7,0,lbringloedu,Layne,Bringloe
dstigglesdv@unc.edu,iiDtQ8C,0,dstigglesdv,Dulcy,Stiggles
dbradnickdw@t-online.de,A7F4AS,0,dbradnickdw,Demott,Bradnick
mkalkerdx@huffingtonpost.com,NUbAXd9nibc,0,mkalkerdx,Marcus,Kalker
esurgeydy@mit.edu,z20a9ITu,0,esurgeydy,Emmalee,Surgey
lmcgraffindz@theglobeandmail.com,aikZL8e,0,lmcgraffindz,Leyla,McGraffin
ccowplande0@addtoany.com,Lh28lsv3IwX,0,ccowplande0,Colly,Cowpland
tcottae1@illinois.edu,uiQL7HSA,0,tcottae1,Tony,Cotta
jtregonae2@exblog.jp,m78D0qsYMggB,0,jtregonae2,Janel,Tregona
agreatlande3@prlog.org,8Fd9UwM,0,agreatlande3,Annadiane,Greatland
ibalderye4@businesswire.com,T5akWC,0,ibalderye4,Isidora,Baldery
ttruslere5@uol.com.br,lLE4w3lAVTQW,0,ttruslere5,Tanya,Trusler
egrinawaye6@cisco.com,3VT77GVpPLe0,0,egrinawaye6,Eugine,Grinaway
rvanhallee7@state.tx.us,zklocK9G8p,0,rvanhallee7,Rozalie,Van Halle
jjanowicze8@tiny.cc,y7DQ1K,0,jjanowicze8,Jeanne,Janowicz
eduthiee9@hc360.com,KychIPlxWh,0,eduthiee9,Ernst,Duthie
aohartnedyea@scribd.com,Z9K8G87Vi9,0,aohartnedyea,Annmaria,O'Hartnedy
gduforeeb@google.com.au,FyyNvBz6ZLz,0,gduforeeb,Gustie,Dufore
dstathersec@ustream.tv,NoGIAP0MvP,0,dstathersec,Dud,Stathers
physloped@adobe.com,9dhAwp00hr,0,physloped,Pamela,Hyslop
scapesee@joomla.org,j8KUvxJ8t,0,scapesee,Susann,Capes
edickingsef@reverbnation.com,o3cG2czW,0,edickingsef,Evvie,Dickings
bmaddoxeg@ted.com,H3a6HL0Bby,0,bmaddoxeg,Babita,Maddox
lmcatamneyeh@psu.edu,EcUwKOd,0,lmcatamneyeh,Lorianne,McAtamney
ccrannellei@addtoany.com,BBeqhlA1VG,0,ccrannellei,Cletis,Crannell
aduvalej@infoseek.co.jp,FZW5lAGVaeKm,0,aduvalej,Angeline,Duval
iheadlyek@shop-pro.jp,9siu3vqWpaDi,0,iheadlyek,Isobel,Headly
lmalliael@abc.net.au,2tdW5IbarMe,0,lmalliael,Lucky,Mallia
dgosnoldem@mayoclinic.com,z940A9dqv5O,0,dgosnoldem,Dorette,Gosnold
atonkinsonen@amazon.co.uk,pbjlxPikm2,0,atonkinsonen,Angelico,Tonkinson
mloyntoneo@vk.com,ozIAtMnaeeFq,0,mloyntoneo,Mureil,Loynton
ppatemoreep@g.co,ejgXKC,0,ppatemoreep,Phebe,Patemore
dgresleyeq@netlog.com,IkLotlz,0,dgresleyeq,Dael,Gresley
jandrosiker@shinystat.com,91rFEtR,0,jandrosiker,Jeramey,Androsik
hbutenes@nifty.com,rNNmCACVRL,0,hbutenes,Heddi,Buten
kpeggset@upenn.edu,CJxnwwS,0,kpeggset,Kirstyn,Peggs
dianinottieu@4shared.com,gm2PVBNIdRyg,0,dianinottieu,Dale,Ianinotti
djurisicev@theglobeandmail.com,fkKXF58,0,djurisicev,Daven,Jurisic
channibalew@dyndns.org,hv57pIyMeF,0,channibalew,Clarinda,Hannibal
araltonex@disqus.com,WPt2eO,0,araltonex,Angelica,Ralton
mradsdaleey@dedecms.com,T0vLV25HIn9A,0,mradsdaleey,Marsiella,Radsdale
kwheelbandez@bizjournals.com,MbxxHU665Ad1,0,kwheelbandez,Kai,Wheelband
ajanssonf0@cbslocal.com,TY9h2sYLh,0,ajanssonf0,Ax,Jansson
pbattyf1@stumbleupon.com,LaP3zcmb,0,pbattyf1,Paulie,Batty
mcammidgef2@linkedin.com,3LGRPngDM,0,mcammidgef2,Michel,Cammidge
lgoffef3@cafepress.com,OCxpQ0GGi,0,lgoffef3,Lucky,Goffe
btuttiettf4@sun.com,dF6SvFBy8Dp,0,btuttiettf4,Blake,Tuttiett
asandellsf5@soundcloud.com,dbKQKFDX,0,asandellsf5,Annabel,Sandells
joglevief6@ucla.edu,5kRuNnreEzh,0,joglevief6,Jeniffer,Oglevie
kbockmasterf7@auda.org.au,wcEmIBT,0,kbockmasterf7,Kyla,Bockmaster
ashahf8@shareasale.com,1I3gGMg,0,ashahf8,Alex,Shah
dgalgeyf9@ask.com,eVzqJWSQeRx,0,dgalgeyf9,Durant,Galgey
ggreaserfa@engadget.com,2m6OEzXDN,0,ggreaserfa,Gaston,Greaser
uhatryfb@ca.gov,jtsiedKDHen,0,uhatryfb,Ulysses,Hatry
mhathornfc@biblegateway.com,V9aJXraowE,0,mhathornfc,Marlie,Hathorn
jpiscofd@blinklist.com,yKztY5mi6N,0,jpiscofd,Jami,Pisco
gilyinskife@stumbleupon.com,26xb0Yr982NV,0,gilyinskife,Gordan,Ilyinski
cmaccafferkyff@nih.gov,PiibbgMnyMOs,0,cmaccafferkyff,Cherye,MacCafferky
cwhaitesfg@dell.com,Rcs5X7YX,0,cwhaitesfg,Chery,Whaites
gseegerfh@noaa.gov,XrGKX60Vy,0,gseegerfh,Gordie,Seeger
icleatonfi@time.com,o6kBi4w2zHNv,0,icleatonfi,Ike,Cleaton
haloshikinfj@chron.com,Je6aFfoe6,0,haloshikinfj,Hedwig,Aloshikin
gfurnissfk@blogspot.com,q7saZGsje113,0,gfurnissfk,Gregorius,Furniss
ddanzelmanfl@youtube.com,d1Ij0wuoWNq,0,ddanzelmanfl,Daffi,Danzelman
rtomasinofm@google.fr,bjih5h,0,rtomasinofm,Rafi,Tomasino
blonghornfn@github.io,b36TakeoO,0,blonghornfn,Beverly,Longhorn
anootfo@jiathis.com,S57yyVRvy,0,anootfo,Amandy,Noot
dgaudenfp@dmoz.org,mO5CMvT,0,dgaudenfp,Dexter,Gauden
hseverwrightfq@uol.com.br,7wew9nkkTq,0,hseverwrightfq,Hymie,Severwright
greilingfr@bing.com,EmUaTa,0,greilingfr,Glynn,Reiling
khuetsonfs@about.com,cBOU2v65,0,khuetsonfs,Kelley,Huetson
djurczakft@hostgator.com,kIgflI,0,djurczakft,Durant,Jurczak
kcudbertsonfu@prweb.com,QNMDWxcZaJV2,0,kcudbertsonfu,Kahlil,Cudbertson
astorrfv@diigo.com,XCIhjgRkBN,0,astorrfv,Alwyn,Storr
ahaironfw@ning.com,MwLXIM,0,ahaironfw,Adolphus,Hairon
hsouthwellfx@cdc.gov,5S4BoClZyCV,0,hsouthwellfx,Hernando,Southwell
amainfy@archive.org,nvSTqCbB,0,amainfy,Adah,Main
jgellettfz@github.com,t8qc3M,0,jgellettfz,Jennica,Gellett
kleyreg0@eepurl.com,UnP8MQE,0,kleyreg0,Kelly,Leyre
agillbanksg1@ucoz.ru,28cBnnqYqUWs,0,agillbanksg1,Adriana,Gillbanks
jsimonoug2@nba.com,R8qPMPrF,0,jsimonoug2,Janelle,Simonou
hjacobsg3@phpbb.com,yafShxeme,0,hjacobsg3,Harbert,Jacobs
ldeveyg4@apple.com,CLeqEWOe5,0,ldeveyg4,Lissie,Devey
jwindramg5@bing.com,VqjkLBwUQ,0,jwindramg5,Joshua,Windram
cwaggettg6@wisc.edu,M7GK55S89fV,0,cwaggettg6,Chaddie,Waggett
tsambeckg7@xing.com,7MdVX8qBe4,0,tsambeckg7,Torrie,Sambeck
wastillg8@cpanel.net,i091oBj2x,0,wastillg8,Windham,Astill
abalogg9@elpais.com,WIn0dWGPww,0,abalogg9,Adrea,Balog
lgabbitusga@squarespace.com,SVOnxP4MF,0,lgabbitusga,Lelia,Gabbitus
akettlestringgb@purevolume.com,JLogmpjPCF,0,akettlestringgb,Allyce,Kettlestring
tkiftgc@nytimes.com,BKj1ZCnX,0,tkiftgc,Tiebout,Kift
elacrouxgd@netvibes.com,5e25wGMsXT,0,elacrouxgd,Ewart,Lacroux
laudryge@tamu.edu,VG2iRKph5FVg,0,laudryge,Laney,Audry
rbruffgf@japanpost.jp,8wK4yBJLYx,0,rbruffgf,Roslyn,Bruff
geggersgg@nymag.com,hNiwcndqi,0,geggersgg,Geneva,Eggers
dmerveillegh@state.gov,D4qBWW6HI,0,dmerveillegh,Duffy,Merveille
mkibbeegi@huffingtonpost.com,fnJvoXhel0,0,mkibbeegi,Marguerite,Kibbee
csamuelgj@blogger.com,6Q0zPkhbI2,0,csamuelgj,Cecilius,Samuel
lcotongk@marketwatch.com,3hmGPyvexRe,0,lcotongk,Latrina,Coton
broadnightgl@microsoft.com,e55eKCmV,0,broadnightgl,Brady,Roadnight
syeomangm@tiny.cc,uBBubUJ4Fh,0,syeomangm,Sibelle,Yeoman
hagargn@purevolume.com,hiMbrI,0,hagargn,Hyacintha,Agar
aletfordgo@ucoz.ru,4lKNnBmHGck,0,aletfordgo,Artemus,Letford
mcostargp@earthlink.net,CpmvJNyb56n,0,mcostargp,Maudie,Costar
ygoudegq@blogspot.com,7mbXGOtA9UVJ,0,ygoudegq,Yasmin,Goude
jbambroughgr@cbslocal.com,5eoRxc,0,jbambroughgr,Jean,Bambrough
lditchburngs@ovh.net,P6nsianJsEv,0,lditchburngs,Lilias,Ditchburn
pjothamgt@cocolog-nifty.com,VL5p18,0,pjothamgt,Papageno,Jotham
iblissettgu@marriott.com,Sd0WPsvEfP,0,iblissettgu,Ivette,Blissett
tlicasgv@marriott.com,7yccaR9YKi,0,tlicasgv,Tallie,Licas
alathangw@miitbeian.gov.cn,g94uUksJU,0,alathangw,Alic,Lathan
gnesterovgx@sphinn.com,jnkr8R59fd,0,gnesterovgx,Gabriel,Nesterov
baskellgy@gravatar.com,jaHgFslQSr,0,baskellgy,Brooks,Askell
sleechgz@cyberchimps.com,mbNSfTyFznL,0,sleechgz,Sherwood,Leech
htremainh0@cornell.edu,IepJNdptYA,0,htremainh0,Hetty,Tremain
hminchentonh1@cmu.edu,IH9Uj2TUD3s,0,hminchentonh1,Herman,Minchenton
kjiroutekh2@about.me,W7oxdNVfG78r,0,kjiroutekh2,Konrad,Jiroutek
hbiaggiolih3@mediafire.com,YNfcigSo,0,hbiaggiolih3,Ham,Biaggioli
aivchenkoh4@huffingtonpost.com,u0RmLXzcs,0,aivchenkoh4,Andromache,Ivchenko
rcarmeh5@prweb.com,FIcc9Jpq,0,rcarmeh5,Rivy,Carme
fmabenh6@geocities.jp,y8yAIstb,0,fmabenh6,Fletcher,Maben
mbatyh7@google.ru,CO0ADRB,0,mbatyh7,Mandel,Baty
ebengleh8@xing.com,z4yEwXwJzBmt,0,ebengleh8,Emmy,Bengle
pfishburnh9@sciencedirect.com,LN8OO9wf0,0,pfishburnh9,Peri,Fishburn
dalburyha@examiner.com,lATpxbhKqL6,0,dalburyha,Dov,Albury
myorkhb@seattletimes.com,ljFsrrEgM,0,myorkhb,Marrilee,York
tdungayhc@technorati.com,Cy6ofptZfJV,0,tdungayhc,Teodoor,Dungay
prentcomehd@ocn.ne.jp,JagrAvpxi2y,0,prentcomehd,Phaidra,Rentcome
sredmondhe@meetup.com,KMNy26M,0,sredmondhe,Sherry,Redmond
aheindrichhf@amazon.com,eG920Y,0,aheindrichhf,Astrix,Heindrich
rsmithemanhg@samsung.com,YnZgsu57AbPN,0,rsmithemanhg,Rosalind,Smitheman
ctatnellhh@businesswire.com,m0TubYOP,0,ctatnellhh,Celka,Tatnell
edibiagihi@state.tx.us,GUOeZQI81A3,0,edibiagihi,Eula,Di Biagi
egarberhj@cbc.ca,yu0KnZWs6,0,egarberhj,Elora,Garber
rgregorinhk@unc.edu,2yiERD3rT8PU,0,rgregorinhk,Raimondo,Gregorin
lselbyhl@parallels.com,m9Tkd6C1,0,lselbyhl,Lynnett,Selby
trangellhm@google.com.hk,TcDixxk,0,trangellhm,Terrye,Rangell
mnertneyhn@globo.com,KKyPao9,0,mnertneyhn,Mercy,Nertney
atembridgeho@w3.org,7UOmYX,0,atembridgeho,Ansel,Tembridge
dgoodredgehp@mail.ru,T3qsiv,0,dgoodredgehp,Dud,Goodredge
fcowmeadowhq@independent.co.uk,iDHFdOtQh,0,fcowmeadowhq,Freddy,Cowmeadow
jivanhr@tripadvisor.com,25gKky,0,jivanhr,Jory,Ivan
jternenths@accuweather.com,1dYD9n,0,jternenths,Julie,Ternent
bpaffittht@symantec.com,UXRUfc2VLvV1,0,bpaffittht,Bernice,Paffitt
bspatarohu@army.mil,AQBLTFY,0,bspatarohu,Bunny,Spataro
rtripeanhv@blinklist.com,UGfvrZtEi,0,rtripeanhv,Ryann,Tripean
flintonhw@oracle.com,6ZrOTF,0,flintonhw,Frankie,Linton
nmascallhx@ifeng.com,vqixmOgH,0,nmascallhx,Norton,Mascall
edawsonhy@tumblr.com,dS8y22Qbclow,0,edawsonhy,Edyth,Dawson
dgoundsyhz@quantcast.com,0YS9tV,0,dgoundsyhz,Darda,Goundsy
rconnelli0@sohu.com,wlv00Y999,0,rconnelli0,Robin,Connell
driggerti1@privacy.gov.au,yS7O8BB,0,driggerti1,Dirk,Riggert
hflippeni2@nifty.com,vgXRjlY6Ji,0,hflippeni2,Hilario,Flippen
cpinarei3@aboutads.info,ciukPvdCszx,0,cpinarei3,Constance,Pinare
nelkini4@webmd.com,JfW1bmtyrX,0,nelkini4,Nealon,Elkin
ipatinkini5@usda.gov,mW8sFr,0,ipatinkini5,Izak,Patinkin
egodsali6@buzzfeed.com,TtUpIM6,0,egodsali6,Ernesta,Godsal
lcapnori7@nydailynews.com,GSM3xSqt,0,lcapnori7,Lyle,Capnor
gsulllyi8@google.cn,oLOwOww,0,gsulllyi8,Gaye,Sullly
tdisleei9@stumbleupon.com,Ff9EprqOvIv,0,tdisleei9,Tuesday,Dislee
cwreakia@facebook.com,Zwttf79IDr,0,cwreakia,Cyb,Wreak
dmalletrattib@slate.com,9yrciEWs,0,dmalletrattib,Dinny,Malletratt
telwellic@1688.com,tEtfMYV,0,telwellic,Tybie,Elwell
bcapaldiid@qq.com,ssKAYVN6,0,bcapaldiid,Brynn,Capaldi
cmackerelie@google.co.jp,Xy2iMc,0,cmackerelie,Corey,Mackerel
jluckmanif@xrea.com,T0mcqF0hGVR,0,jluckmanif,Joycelin,Luckman
ngilardiig@ask.com,iZ44gKK0,0,ngilardiig,Nessie,Gilardi
mwrotchfordih@trellian.com,3rlUNlYcbX,0,mwrotchfordih,Merralee,Wrotchford
cokinneallyii@time.com,Zi6gh0KM,0,cokinneallyii,Chrotoem,O'Kinneally
bbessentij@surveymonkey.com,hxkJmEzRcxCQ,0,bbessentij,Bearnard,Bessent
fgerlackik@adobe.com,Z6a0EFbS,0,fgerlackik,Fayth,Gerlack
awasielail@comsenz.com,W4fFnwZFejR7,0,awasielail,Alfred,Wasiela
hmcinultyim@who.int,dioUVR,0,hmcinultyim,Hamlen,McInulty
hriddlein@noaa.gov,Kqtt75,0,hriddlein,Haven,Riddle
mfilpoio@chronoengine.com,CzqNvrpH3qp,0,mfilpoio,Maurine,Filpo
mpidgeonip@yahoo.com,jf6mlrWMJ,0,mpidgeonip,Monte,Pidgeon
lcradockiq@deviantart.com,AamtUHFe5MC,0,lcradockiq,Lorry,Cradock
bjulyanir@google.it,8PjwDlz,0,bjulyanir,Bridie,Julyan
svaissiereis@twitpic.com,AXKjlTaEj,0,svaissiereis,Sidonia,Vaissiere
lragdaleit@godaddy.com,ny235wVZq,0,lragdaleit,Ly,Ragdale
dcouperiu@delicious.com,Lp3xAf1Ihqm,0,dcouperiu,Dexter,Couper
amcalarneyiv@wsj.com,Rc8jGUQV,0,amcalarneyiv,Arnuad,McAlarney
gjanousekiw@amazon.co.jp,xnevy4H88,0,gjanousekiw,Gena,Janousek
bendrighiix@ezinearticles.com,WK7eUfJZESh,0,bendrighiix,Bibbye,Endrighi
bcarraneiy@domainmarket.com,dBrK1nIN,0,bcarraneiy,Becca,Carrane
kduiganiz@dion.ne.jp,XFYPnpI,0,kduiganiz,Kailey,Duigan
kaureliusj0@ifeng.com,Lnsy979,0,kaureliusj0,Katha,Aurelius
ibrichamj1@shop-pro.jp,pULa740b7Ik,0,ibrichamj1,Izaak,Bricham
mbalnavesj2@google.it,Vo3iO9OZf,0,mbalnavesj2,Marlyn,Balnaves
akeesj3@cisco.com,UNkbbQxd,0,akeesj3,Alyson,Kees
kcaulierj4@howstuffworks.com,6KWGPw4,0,kcaulierj4,Kale,Caulier
cpegrumj5@wunderground.com,druqKiI,0,cpegrumj5,Clint,Pegrum
dmussonj6@intel.com,brPL3eqJ,0,dmussonj6,Dennis,Musson
kruffyj7@who.int,qwpSRYEbY3,0,kruffyj7,Korrie,Ruffy
bwestreyj8@furl.net,ASyxsroPA,0,bwestreyj8,Barde,Westrey
imorrissj9@ameblo.jp,DnCIGp0,0,imorrissj9,Isabel,Morriss
atildesleyja@1688.com,yzW0lTZ,0,atildesleyja,Arlette,Tildesley
ssigginsjb@cisco.com,Qq8k5m,0,ssigginsjb,Shayla,Siggins
witzkovskyjc@t-online.de,GVWqlWMK,0,witzkovskyjc,Walker,Itzkovsky
tgabbitisjd@unblog.fr,Sr6Vhi,0,tgabbitisjd,Thaddus,Gabbitis
bagusje@shutterfly.com,SM9ae5,0,bagusje,Bernard,Agus
wmillichapjf@bravesites.com,1uYF6zfJOcF,0,wmillichapjf,Worth,Millichap
kjakubowiczjg@wix.com,hkhDaeN,0,kjakubowiczjg,Kate,Jakubowicz
bworgenjh@ocn.ne.jp,7vjyDxNV,0,bworgenjh,Belva,Worgen
cpozziji@exblog.jp,AdDwHfd,0,cpozziji,Carmina,Pozzi
sdumbletonjj@printfriendly.com,zDIdSGg,0,sdumbletonjj,Sara-ann,Dumbleton
wokiejk@nature.com,xNfEVvsnp5,0,wokiejk,Waylen,Okie
lseatterjl@google.com,KrsppRN,0,lseatterjl,Lesya,Seatter
blisamorejm@cocolog-nifty.com,O1OIxFt,0,blisamorejm,Brynna,Lisamore
ljacobsohnjn@dailymotion.com,BKJBWuo,0,ljacobsohnjn,Liva,Jacobsohn
banneyjo@addthis.com,C66f1T,0,banneyjo,Boigie,Anney
gbusfieldjp@latimes.com,6X1NGP96,0,gbusfieldjp,Gus,Busfield
kgriffoenjq@phoca.cz,l5AuyZ26Z,0,kgriffoenjq,Karry,Griffoen
ccuredalejr@globo.com,ZztfRkBMZZ8I,0,ccuredalejr,Clayson,Curedale
lblackdenjs@whitehouse.gov,vTtzZsZ,0,lblackdenjs,Laurence,Blackden
msheildsjt@redcross.org,DCIG27aM,0,msheildsjt,Manny,Sheilds
bbedboroughju@discovery.com,OKdz6JAG,0,bbedboroughju,Brice,Bedborough
ncordelettejv@nydailynews.com,fcSi5Buf28,0,ncordelettejv,Nichols,Cordelette
avinterjw@state.tx.us,0v0axQf272J,0,avinterjw,Adena,Vinter
iseinejx@symantec.com,VM1ATBq,0,iseinejx,Ivy,Seine
aglovesjy@cocolog-nifty.com,3VaXrrM,0,aglovesjy,Artemis,Gloves
lclawjz@blogspot.com,9zff0P0O,0,lclawjz,Ludwig,Claw
hidelk0@yandex.ru,Jxd3UBH3,0,hidelk0,Holly-anne,Idel
cmethuenk1@amazon.de,C94waJGQMJWY,0,cmethuenk1,Chevalier,Methuen
bcromettk2@trellian.com,RaR0oA,0,bcromettk2,Belinda,Cromett
tgatrillk3@ftc.gov,ivAdqnbh2ty,0,tgatrillk3,Tanya,Gatrill
aalchink4@google.com,BV5Lsi,0,aalchink4,Afton,Alchin
kwilmotk5@oaic.gov.au,4Bze7Ks,0,kwilmotk5,Keri,Wilmot
rdevoyk6@artisteer.com,nwEKW4OcvCn,0,rdevoyk6,Rick,Devoy
fhugek7@google.co.uk,gxhI5vPr,0,fhugek7,Florette,Huge
mcrollmank8@utexas.edu,nJmuyjsjJ,0,mcrollmank8,Margaux,Crollman
kriddallk9@hp.com,eS8wL1K,0,kriddallk9,Karyl,Riddall
mpeerska@msn.com,Z7oJxS,0,mpeerska,Mord,Peers
hborgnekb@japanpost.jp,tPqYNPp,0,hborgnekb,Homerus,Borgne
ebrutonkc@g.co,1jMVgRZnqxs,0,ebrutonkc,Eleanor,Bruton
gcheavinkd@fda.gov,1qMeG90F4UiL,0,gcheavinkd,Gwendolen,Cheavin
mcullinke@webeden.co.uk,bXYVvkz,0,mcullinke,Michael,Cullin
coheffernankf@gravatar.com,YJ7Xmg,0,coheffernankf,Carine,O'Heffernan
tmasterskg@imgur.com,pEAHCNXkf,0,tmasterskg,Terza,Masters
bachurchkh@wikimedia.org,cghh7dHho1,0,bachurchkh,Benedict,Achurch
thakeki@si.edu,lVherd,0,thakeki,Thornton,Hake
scolbeckkj@merriam-webster.com,kHuTLIE,0,scolbeckkj,Sollie,Colbeck
cstollenkk@squidoo.com,qyj9ZBB,0,cstollenkk,Crissy,Stollen
rstrutekl@pinterest.com,Pjek499,0,rstrutekl,Rhonda,Strute
revelingkm@gmpg.org,9qGgM1vk,0,revelingkm,Row,Eveling
kleckykn@edublogs.org,mHGlrCggokQ9,0,kleckykn,Koenraad,Lecky
bblitzko@statcounter.com,sj9dzfs,0,bblitzko,Benjamin,Blitz
ldamatokp@google.es,CGHPHkg7i6,0,ldamatokp,Laurie,Damato
mphetheankq@merriam-webster.com,m4mreBZ9vgh,0,mphetheankq,Michel,Phethean
kmongenotkr@networksolutions.com,mfN1GRAi,0,kmongenotkr,Kara-lynn,Mongenot
mweightmanks@java.com,PNxohHGlg,0,mweightmanks,Meade,Weightman
bbarliekt@opensource.org,jupmA3oRG,0,bbarliekt,Bearnard,Barlie
hgodboldku@taobao.com,JVinDfK2EN,0,hgodboldku,Herc,Godbold
acobbkv@purevolume.com,K2O9felmcGDK,0,acobbkv,Akim,Cobb
hcuncliffekw@who.int,SeYpFiq,0,hcuncliffekw,Husain,Cuncliffe
fmacguffogkx@techcrunch.com,dhwTzTuH,0,fmacguffogkx,Felipe,MacGuffog
dshipky@yandex.ru,XrsL3RZGsmS,0,dshipky,Deloria,Ship
kdeeslykz@usnews.com,R0fuLpPnH,0,kdeeslykz,Krisha,Deesly
gchildsl0@youtu.be,CP6Ewf,0,gchildsl0,Griffie,Childs
ngrafoml1@trellian.com,nKH7iYh,0,ngrafoml1,Neil,Grafom
lhiersl2@alibaba.com,Cspk4fsE,0,lhiersl2,Lola,Hiers
jmcgalll3@businesswire.com,qVTgCJI,0,jmcgalll3,Jere,McGall
cmclugishl4@nymag.com,5TgfeX99,0,cmclugishl4,Clark,McLugish
lkeslakel5@google.pl,nJCtxUAGj,0,lkeslakel5,Lev,Keslake
cgowriel6@apache.org,bTpGB4eWfE,0,cgowriel6,Christan,Gowrie
zpeticanl7@liveinternet.ru,LS23Cj3q,0,zpeticanl7,Zacharias,Petican
eyashinl8@harvard.edu,lPjGZ7XHqil3,0,eyashinl8,Eamon,Yashin
jdunkinsonl9@msu.edu,8hXObCCm,0,jdunkinsonl9,Joanie,Dunkinson
bgimletla@spiegel.de,zpMbVy,0,bgimletla,Bartie,Gimlet
opietsmalb@sogou.com,KtNaSoultl,0,opietsmalb,Obadiah,Pietsma
jpridmorelc@china.com.cn,Cp73bSKiMX,0,jpridmorelc,Justinian,Pridmore
lnicklenld@fotki.com,IXKTdk,0,lnicklenld,Lizzy,Nicklen
tmcgillecolele@prlog.org,F8Lqbm25Yz,0,tmcgillecolele,Tiffany,McGillecole
aeldredlf@columbia.edu,eeDEcs,0,aeldredlf,Alleen,Eldred
mchilderslg@wordpress.org,fAQrRQLoLx9,0,mchilderslg,Moira,Childers
kkrabbelh@marketwatch.com,ZtFo4ao,0,kkrabbelh,Konstantin,Krabbe
amayhewli@yahoo.co.jp,EEWg5FtylSi,0,amayhewli,Amy,Mayhew
jretallacklj@themeforest.net,ETS9XEkNViG,0,jretallacklj,Jolynn,Retallack
bleppingwelllk@phpbb.com,d42JbXY,0,bleppingwelllk,Braden,Leppingwell
dwormleightonll@delicious.com,Fb4ZhwAfR,0,dwormleightonll,Dinah,Wormleighton
jkingslm@baidu.com,Wtcm7Nn,0,jkingslm,Jakie,Kings
tkatzmannln@shareasale.com,eaoA47,0,tkatzmannln,Terrell,Katzmann
bcornehllo@aboutads.info,hzUAVq,0,bcornehllo,Berny,Cornehl
sloundlp@youku.com,nRtOUuy,0,sloundlp,Sara,Lound
rmajurylq@wunderground.com,9yNgMPi,0,rmajurylq,Rhoda,Majury
jhilhouselr@slate.com,X9Oghdn,0,jhilhouselr,Jeanna,Hilhouse
emayzels@microsoft.com,BbbUw1,0,emayzels,Ebonee,Mayze
cdeaslt@networkadvertising.org,iWGBescV,0,cdeaslt,Cyrill,Deas
jairtonlu@booking.com,sxaxBvNb58CY,0,jairtonlu,Jennilee,Airton
tmccolelv@phoca.cz,pAsOkUC,0,tmccolelv,Terese,McCole
bwilelw@comsenz.com,btYFz9Q,0,bwilelw,Brigid,Wile
rlabatlx@bbc.co.uk,QJuVFYbdFw,0,rlabatlx,Ruthie,Labat
gclynmanly@wordpress.org,RH0BxQP,0,gclynmanly,Griffy,Clynman
ncardnolz@ted.com,1cIK6WXwCvJD,0,ncardnolz,Nani,Cardno
swetherickm0@berkeley.edu,OoEECzu,0,swetherickm0,Shalne,Wetherick
mpasekm1@unblog.fr,YHxMWyKnWXM,0,mpasekm1,Molli,Pasek
fflitcroftm2@macromedia.com,nHmktAxVTnU,0,fflitcroftm2,Free,Flitcroft
lcardenasm3@zimbio.com,gmezQDmO,0,lcardenasm3,Leanor,Cardenas
khowfordm4@nifty.com,mHnpvV,0,khowfordm4,Kane,Howford
sagutterm5@about.com,jKvLzeaH6PN,0,sagutterm5,Stinky,Agutter
afreethm6@cnet.com,Jt422vaDr2,0,afreethm6,Arney,Freeth
xbrinem7@google.com.au,37siGwJ8X,0,xbrinem7,Xena,Brine
sfrickeym8@wordpress.com,GpObo0D3,0,sfrickeym8,Susi,Frickey
cberwickm9@blogspot.com,9um2rw,0,cberwickm9,Codie,Berwick
amaudettma@usa.gov,l4V092J,0,amaudettma,Ansel,Maudett
pmewmb@deviantart.com,lqYb7Lgo9e7,0,pmewmb,Philippine,Mew
cdunmoremc@fotki.com,LHz3Hq,0,cdunmoremc,Chrystal,Dunmore
crobkemd@bbb.org,gbbd4WP,0,crobkemd,Cletis,Robke
rwomackme@samsung.com,DFTaiWVFo7cx,0,rwomackme,Rica,Womack
kcowiemf@slashdot.org,KAtLDYGFqw,0,kcowiemf,Kandace,Cowie
egrzesiakmg@opera.com,caQLba7Mpmd,0,egrzesiakmg,Elwin,Grzesiak
kdenkmh@bizjournals.com,V4gUIhyE,0,kdenkmh,Kelsey,Denk
ldaintreemi@1und1.de,R8VjXtBBvi,0,ldaintreemi,Lonna,Daintree
rburnelmj@cnn.com,OAEN9QXYuiq,0,rburnelmj,Raddie,Burnel
pscimonellimk@meetup.com,Im755Kyc,0,pscimonellimk,Patti,Scimonelli
mgulliventml@usgs.gov,SG1qmynNh,0,mgulliventml,Maximilian,Gullivent
zdengelmm@indiatimes.com,wkzsDitDnHR,0,zdengelmm,Zaria,Dengel
ysimonymn@blogs.com,UIILFT,0,ysimonymn,Yvor,Simony
apearcymo@elegantthemes.com,huQ5u8RFqj,0,apearcymo,Angeline,Pearcy
fbotterellmp@toplist.cz,KnDj07,0,fbotterellmp,Friederike,Botterell
vjensonmq@buzzfeed.com,HoY69Ba2,0,vjensonmq,Virginie,Jenson
qgrzegorzewskimr@ifeng.com,LoAlFdvGm16o,0,qgrzegorzewskimr,Quentin,Grzegorzewski
dmcgranems@indiegogo.com,4LBHxE,0,dmcgranems,Duffy,McGrane
omelanmt@barnesandnoble.com,PdCmKbPo,0,omelanmt,Orlan,Melan
fstandfieldmu@upenn.edu,8Qvrg6t,0,fstandfieldmu,Far,Standfield
klyardmv@flavors.me,FMFh0m,0,klyardmv,Karolina,Lyard
ccavendishmw@qq.com,Jt50HSv,0,ccavendishmw,Celestyn,Cavendish
cmastertonmx@printfriendly.com,UPJf4YYz,0,cmastertonmx,Camella,Masterton
drudsdellmy@aol.com,FWgaA5Zkgcx,0,drudsdellmy,Dodie,Rudsdell
rabbattmz@yahoo.co.jp,ny1iSY,0,rabbattmz,Rubi,Abbatt
bgallen0@yale.edu,mxNGg0ud4LoQ,0,bgallen0,Blythe,Galle
hclousleyn1@nymag.com,VWIL9O,0,hclousleyn1,Hayyim,Clousley
zwitchallsn2@sourceforge.net,nmEFMGP1XpVd,0,zwitchallsn2,Zarah,Witchalls
mgatelandn3@abc.net.au,USKck2qgVoKc,0,mgatelandn3,Maegan,Gateland
vcicchetton4@soundcloud.com,L2R2qzm9h,0,vcicchetton4,Verine,Cicchetto
grutern5@independent.co.uk,YwQCu3faOsa,0,grutern5,Gerard,Ruter
efarghern6@reference.com,dRjSrwNLjk,0,efarghern6,Emmy,Fargher
hhiggoen7@about.com,2I9BzKs,0,hhiggoen7,Hogan,Higgoe
hchamberlainn8@wikipedia.org,65J0R8LOzBT,0,hchamberlainn8,Hewie,Chamberlain
omeredithn9@nymag.com,J4ZS8G7,0,omeredithn9,Opaline,Meredith
clinayna@webeden.co.uk,ZzIXZGtuD1f,0,clinayna,Claudine,Linay
mjudgenb@flavors.me,NrOSKK,0,mjudgenb,Marilyn,Judge
ttorrentnc@imageshack.us,AVSJNOfFc,0,ttorrentnc,Theresita,Torrent
dwordennd@cdbaby.com,dWaxGTHrR,0,dwordennd,Donella,Worden
kmavenne@about.com,fxDI2n,0,kmavenne,Karil,Maven
mguicenf@de.vu,MTHw0BE,0,mguicenf,Merline,Guice
nsarahng@people.com.cn,RGiMhJ1vn7,0,nsarahng,Ninetta,Sarah
mscothernnh@ocn.ne.jp,8FvtdLHolpY,0,mscothernnh,Mandi,Scothern
bblencoeni@friendfeed.com,p4qTSGK6,0,bblencoeni,Borg,Blencoe
kkasnj@weather.com,UEu3M0aadze,0,kkasnj,Kevin,Kas
rstatefieldnk@yellowbook.com,pvGygq,0,rstatefieldnk,Rhianon,Statefield
dgoodburnl@mashable.com,3kE1b7rTMwjH,0,dgoodburnl,Duane,Goodbur
hborlesnm@ebay.com,Xyqtvx,0,hborlesnm,Hillary,Borles
mburehillnn@ca.gov,dekLEA,0,mburehillnn,Maximilian,Burehill
eburdassno@sphinn.com,mW7Kwj0HD48,0,eburdassno,Ervin,Burdass
tvinternp@state.gov,X6tEa8bdU4w,0,tvinternp,Tremain,Vinter
banthoinnq@tamu.edu,OLfg0mh,0,banthoinnq,Bernardo,Anthoin
tcroshamnr@narod.ru,hIrLqirrSFhl,0,tcroshamnr,Tisha,Crosham
rexrolns@networksolutions.com,cHCrugEZy,0,rexrolns,Roxy,Exrol
rmcgrannnt@time.com,bxuvdm7KBdEh,0,rmcgrannnt,Ricky,McGrann
khartwrightnu@nifty.com,qulcEm6B,0,khartwrightnu,Kelley,Hartwright
swhalnv@w3.org,RmC5y1,0,swhalnv,Stacy,Whal
pclemersonnw@seattletimes.com,GKOhe32WZFH,0,pclemersonnw,Perkin,Clemerson
cdutnellnx@dmoz.org,JhHOFQI5i,0,cdutnellnx,Carlynne,Dutnell
ofolliottny@hatena.ne.jp,Czrh6l,0,ofolliottny,Othello,Folliott
gpesterfieldnz@state.tx.us,Bz0l5OaPvo7,0,gpesterfieldnz,Glenine,Pesterfield
maudiberto0@usnews.com,rHtsX6AsrL,0,maudiberto0,Man,Audibert
hgwynno1@reverbnation.com,b5aIruY,0,hgwynno1,Hunfredo,Gwynn
djagsono2@mozilla.com,pCprhn2,0,djagsono2,Dory,Jagson
spannetto3@upenn.edu,YNccr00vBg,0,spannetto3,Stanley,Pannett
sdekneveto4@sourceforge.net,u8pJcHAOSDU,0,sdekneveto4,Sancho,deKnevet
bmusheto5@amazonaws.com,OLd6GTXht,0,bmusheto5,Brandyn,Mushet
fcoulthardo6@bizjournals.com,JwQcQAu,0,fcoulthardo6,Falkner,Coulthard
nllorenteo7@china.com.cn,M8xxws6r8Go,0,nllorenteo7,Nicolais,Llorente
cconeybeero8@cornell.edu,qZMCU5,0,cconeybeero8,Cecilla,Coneybeer
tasplando9@howstuffworks.com,jz6uNay2Rrp,0,tasplando9,Tate,Aspland
bioanoa@tripadvisor.com,y1gK8fj,0,bioanoa,Ben,Ioan
adyballob@parallels.com,5NcCij3CPtJ,0,adyballob,Alden,Dyball
lduckeroc@qq.com,BmDaIP,0,lduckeroc,Leonidas,Ducker
scastonod@flickr.com,nxfEYu7q12O,0,scastonod,Saunders,Caston
tbertomieroe@skyrock.com,2qRH0Ml,0,tbertomieroe,Tanny,Bertomier
thayhoeof@slate.com,FSKKtIQgRM1F,0,thayhoeof,Thayne,Hayhoe
aheinkeog@wp.com,rORtoD11SfR,0,aheinkeog,Aubrette,Heinke
wnewingoh@artisteer.com,cpxiv8v1I2S,0,wnewingoh,Windy,Newing
cselewayoi@irs.gov,INc79zkaiQ,0,cselewayoi,Christye,Seleway
ehinckesoj@i2i.jp,b1BZ1T,0,ehinckesoj,Ellette,Hinckes
gstrongeok@utexas.edu,IwxZn3T1mcbb,0,gstrongeok,Granthem,Stronge
hgrebbinol@accuweather.com,BH61zz,0,hgrebbinol,Hyacinthe,Grebbin
vwaiteom@ucla.edu,L2k7YCkeQIZE,0,vwaiteom,Viki,Waite
gchettleon@altervista.org,6YI04mcI,0,gchettleon,Greta,Chettle
wmarciskewskioo@sphinn.com,OapVau,0,wmarciskewskioo,Wenonah,Marciskewski
cvogeleinop@infoseek.co.jp,iPznrE2,0,cvogeleinop,Curry,Vogelein
czapaterooq@dropbox.com,a6TOLP4nx,0,czapaterooq,Cleve,Zapatero
lbricknellor@berkeley.edu,BRctFtLz9,0,lbricknellor,Lyda,Bricknell
oslefordos@mlb.com,MDIOMp1cf,0,oslefordos,Orland,Sleford
bamyot@github.io,Qm4CVC,0,bamyot,Bryn,Amy
jwallisou@prnewswire.com,C5HegBcPgFRt,0,jwallisou,Joseito,Wallis
gmcphelimyov@disqus.com,3wmKKDsNcL,0,gmcphelimyov,Gay,McPhelimy
jgiannottiow@ucoz.ru,1fJGkE6G,0,jgiannottiow,Jacquelin,Giannotti
teasbyox@fda.gov,FVDSzwZ7kdcl,0,teasbyox,Trent,Easby
kmarcumoy@privacy.gov.au,oRl4pliZO6,0,kmarcumoy,Kelci,Marcum
awestleyoz@woothemes.com,cEzoK3VTAGY,0,awestleyoz,Arleta,Westley
cfookesp0@sohu.com,DYtGVzOdF8,0,cfookesp0,Chloris,Fookes
tgabottip1@ed.gov,qPqaDYE6,0,tgabottip1,Tye,Gabotti
wboissierp2@dyndns.org,OVTcf6jmn,0,wboissierp2,Waldemar,Boissier
asoutheranp3@google.fr,GXbP6X8,0,asoutheranp3,Annora,Southeran
chairyesp4@xing.com,S3kySaqih0rm,0,chairyesp4,Cordey,Hairyes
awatheyp5@time.com,RfHsQKvNSU,0,awatheyp5,Agna,Wathey
gtolussip6@imgur.com,yJfn9b8oxLU,0,gtolussip6,Gayler,Tolussi
wfarensp7@dagondesign.com,UgcwHritdjS,0,wfarensp7,Wini,Farens
pmoulesp8@csmonitor.com,nyGvMhT,0,pmoulesp8,Palmer,Moules
tmanilop9@vistaprint.com,AnGuBnAt,0,tmanilop9,Tana,Manilo
dbortolomeipa@nymag.com,89lnUQC8jvvN,0,dbortolomeipa,Dyanna,Bortolomei
plillimanpb@wikia.com,UxoDj1pN,0,plillimanpb,Purcell,Lilliman
lgoaterpc@apple.com,1U6WWAGxZyPc,0,lgoaterpc,Lolita,Goater
mrowlsonpd@topsy.com,aHJnDCdYf,0,mrowlsonpd,Muffin,Rowlson
cmctavype@vimeo.com,vVeQx32V0Qw,0,cmctavype,Carlee,McTavy
dgoultpf@google.co.jp,W9DeO5,0,dgoultpf,Danny,Goult
rgossagepg@amazon.co.uk,Yflt1YYO,0,rgossagepg,Ruthi,Gossage
gkeepinph@linkedin.com,3aMVu7yz,0,gkeepinph,Gerrard,Keepin
emctrusteypi@whitehouse.gov,3UBVrYH8aNdn,0,emctrusteypi,Eamon,McTrustey
cpauwelpj@ycombinator.com,VA36PJL,0,cpauwelpj,Cherrita,Pauwel
eharlowpk@multiply.com,iWVUuZw,0,eharlowpk,Esmaria,Harlow
daharonipl@wisc.edu,eVWnRtE,0,daharonipl,Dov,Aharoni
rhiggenpm@hc360.com,WHprVvGvX,0,rhiggenpm,Ronni,Higgen
aschwierpn@samsung.com,AYY9vXmcsl5P,0,aschwierpn,Ashlin,Schwier
mfuzzardpo@army.mil,FCmgJE,0,mfuzzardpo,Myrtie,Fuzzard
kbarratpp@nature.com,fkYaEHyW,0,kbarratpp,Kahlil,Barrat
mdudnypq@rambler.ru,WdV8Aulu4qGe,0,mdudnypq,Micki,Dudny
omackeepr@mozilla.com,4QPrp5RalUpG,0,omackeepr,Orson,MacKee
eboothmanps@youtu.be,mcTLaztbHDCB,0,eboothmanps,Eldridge,Boothman
mcrowderpt@networksolutions.com,otJpic06d,0,mcrowderpt,Marcus,Crowder
dhunepu@nsw.gov.au,lHAXNW,0,dhunepu,Dorree,Hune
cgioanipv@washington.edu,h6YxOfSR047,0,cgioanipv,Claudian,Gioani
kocklinpw@devhub.com,yhgCmG,0,kocklinpw,Kayne,Ocklin
amusprattpx@myspace.com,cYg9SvM,0,amusprattpx,Ambrosius,Muspratt
afrancklynpy@mac.com,HizIeZVTsG,0,afrancklynpy,Alric,Francklyn
mcouvertpz@reference.com,zFSPdkwfjDcs,0,mcouvertpz,Marcos,Couvert
lsmeathq0@plala.or.jp,VJztvH,0,lsmeathq0,Lazarus,Smeath
jcundyq1@t.co,3CkwHhCa,0,jcundyq1,Josee,Cundy
mdawidowskyq2@fema.gov,ZB9LO7omIW9,0,mdawidowskyq2,Margaret,Dawidowsky
frylandsq3@devhub.com,m2A0G2UNd,0,frylandsq3,Faina,Rylands
pwalasq4@springer.com,h007tLQ,0,pwalasq4,Park,Walas
ggiacubboq5@berkeley.edu,vhzLHj,0,ggiacubboq5,Golda,Giacubbo
mteodoriq6@blogger.com,lFN3uFd68RtH,0,mteodoriq6,Mariette,Teodori
ayanneq7@dailymotion.com,f2EOlA8fAvsh,0,ayanneq7,Analiese,Yanne
wbarnsdallq8@mlb.com,LMcmmAmLh,0,wbarnsdallq8,Willi,Barnsdall
gemblingq9@webeden.co.uk,fRUhKfWUj,0,gemblingq9,Gale,Embling
wwardlowqa@wunderground.com,1CEyQknfu,0,wwardlowqa,Willetta,Wardlow
sagatesqb@shutterfly.com,M2O26Cq,0,sagatesqb,Sibelle,Agates
favraamqc@merriam-webster.com,oDb5SlpN,0,favraamqc,Fanchon,Avraam
tgreatexqd@multiply.com,Z18IOz,0,tgreatexqd,Tris,Greatex
mkimmonsqe@ucoz.ru,LDpkcTB,0,mkimmonsqe,Mufinella,Kimmons
sgrinvaldsqf@aboutads.info,W4fZtTR77y,0,sgrinvaldsqf,Sylvan,Grinvalds
jbirkheadqg@ucoz.ru,Uo2MVRkDbiHm,0,jbirkheadqg,Jammie,Birkhead
tharnesqh@biglobe.ne.jp,ZuNCgD,0,tharnesqh,Ty,Harnes
rtomichqi@wiley.com,0bKYRGACA3,0,rtomichqi,Raymund,Tomich
ndruettqj@newsvine.com,wlx1nWnhRT,0,ndruettqj,Nancee,Druett
dhugeninqk@reuters.com,3bGxuW,0,dhugeninqk,Devonne,Hugenin
amacgeeql@google.ca,1vEKbpK,0,amacgeeql,Angy,MacGee
fbattertonqm@time.com,9DrvFRsNx2,0,fbattertonqm,Francene,Batterton
cjozsaqn@webs.com,PZC8QpfBC35T,0,cjozsaqn,Cosimo,Jozsa
vtorriqo@jigsy.com,pcc1l6W3a,0,vtorriqo,Vallie,Torri
eleopardqp@dion.ne.jp,otHy8Yhs5tfs,0,eleopardqp,Edita,Leopard
msnareqq@seesaa.net,jOJ5rE,0,msnareqq,Merv,Snare
lclawleyqr@linkedin.com,UhC42FuQSQAi,0,lclawleyqr,Leilah,Clawley
htoynbeeqs@cbc.ca,GtnZEzYln9P,0,htoynbeeqs,Hallsy,Toynbee
awassqt@geocities.com,LqSMe3agXZU,0,awassqt,Alberta,Wass
ckordesqu@pcworld.com,4TK36LsR3x2V,0,ckordesqu,Charin,Kordes
dfeldmusqv@stanford.edu,UM6CmuUCx9rP,0,dfeldmusqv,Delora,Feldmus
ffermorqw@mashable.com,Ca93vzK,0,ffermorqw,Frederich,Fermor
rclemmensenqx@joomla.org,SNRGw7S9f,0,rclemmensenqx,Rutledge,Clemmensen
lyeowellqy@qq.com,cE5MbqN3oI,0,lyeowellqy,Lissa,Yeowell
alambournqz@smugmug.com,AUNPHM,0,alambournqz,Amata,Lambourn
rspaingowerr0@blogs.com,tvEaX8jayMZp,0,rspaingowerr0,Rourke,Spain-Gower
tmetcalfr1@chronoengine.com,IZ4hk8C,0,tmetcalfr1,Tymothy,Metcalf
craspelr2@ted.com,yGLqLyDk5cU,0,craspelr2,Cybill,Raspel
hspitaror3@globo.com,uqXgR1,0,hspitaror3,Halsey,Spitaro
fcaldairour4@globo.com,fZVLSuw2a0,0,fcaldairour4,Filberto,Caldairou
akenningtonr5@imageshack.us,Bx3x0Ir,0,akenningtonr5,Alicea,Kennington
ameighr6@godaddy.com,UwyAkxdY,0,ameighr6,Anya,Meigh
ahewr7@aol.com,zomn0I,0,ahewr7,Amabelle,Hew
thickeringillr8@fc2.com,JKEZE1Ct5R2,0,thickeringillr8,Tally,Hickeringill
kfoner9@csmonitor.com,mMdpz1f,0,kfoner9,Kellen,Fone
cewingsra@posterous.com,iMV1eKIZOaI,0,cewingsra,Carly,Ewings
tofergusrb@ucoz.ru,sB6XcKRYD,0,tofergusrb,Tasha,O'Fergus
enavanrc@360.cn,xMoOaVmeB,0,enavanrc,Estella,Navan
rguierrerd@google.es,Uf1Qgq,0,rguierrerd,Reid,Guierre
rbrittlebankre@51.la,3mGM1YgG,0,rbrittlebankre,Row,Brittlebank
dpetronisrf@tripadvisor.com,oLWNYMx6DgT7,0,dpetronisrf,Della,Petronis
ceuesdenrg@hatena.ne.jp,svrJPL,0,ceuesdenrg,Calli,Euesden
bbetancourtrh@cnn.com,ziwsTNP,0,bbetancourtrh,Bunnie,Betancourt
ekeattchri@accuweather.com,6hm7e2,0,ekeattchri,Ernesto,Keattch
llindsellrj@wordpress.org,DtJvis,0,llindsellrj,Leonidas,Lindsell
pclearsrk@ovh.net,CQdFSt2elsJ,0,pclearsrk,Penelopa,Clears
wjeavesrl@wikipedia.org,dpGF5K5,0,wjeavesrl,Westley,Jeaves
sjoontjesrm@addtoany.com,h79CfuRVt,0,sjoontjesrm,Saba,Joontjes
wjohannessonrn@zdnet.com,twx64AEd0edX,0,wjohannessonrn,Willy,Johannesson
bgrangero@nymag.com,J3q1PPgXwa,0,bgrangero,Britteny,Grange
jtwelftreerp@nationalgeographic.com,p1GMkdBOZMZ,0,jtwelftreerp,Juieta,Twelftree
ccawserq@google.com.br,vk0kbv0oT,0,ccawserq,Camella,Cawse
nstearnsrr@mlb.com,vVjsOa05tAXR,0,nstearnsrr,Nolly,Stearns
