Email,Password,PrivilegeLevel,Username,FirstName,LastName
ptuffield0@hatena.ne.jp,6c7bb68b54da5ad4afceaff34cd91bbef21f5db62cf4cd491d5073fad8e455dc,0,ptuffield0,Peggie,Tuffield
bmacnamee1@icio.us,681367a691fc4bec08f0db1b507d168790d4221e189776f77dc2701e2de6028e,0,bmacnamee1,Barney,MacNamee
esibray2@tinypic.com,b2e1acd6c553cd58705390f90ba38a96d8cab561f282ba896a6ba085ffd9891b,0,esibray2,Eberhard,Sibray
fberndt3@wsj.com,e459715c035fd280173f7b7d672b02a50bb4c99fb002f45854576ce8ebe734ef,0,fberndt3,Filippa,Berndt
jgrushin4@php.net,5cdc49e29bee92cbdfec02c87cf7daeca7fc8711ea9eb1de2cc43b0235e88eda,0,jgrushin4,Jere,Grushin
sluke5@blogs.com,e3fbe540bbf9b047b11ed8ef3943b0df19ce90667a948d158be0c04da63b8f5c,0,sluke5,Sheppard,Luke
cphiller6@hugedomains.com,4cdc0aeccc7818d076a8f181de7034791b10cf702cc3803b7e61238c07b4208f,0,cphiller6,Cullie,Philler
bbalint7@i2i.jp,c4db26d0030193785815a6b019c062d6fd371739149fd217f7adbf261b42a220,0,bbalint7,Bunny,Balint
kdearth8@diigo.com,417b488e37c206f5be27acec8c9e6bb5356cbe735d66a32f4aae5583cbf5e2dc,0,kdearth8,Kev,Dearth
dmccall9@twitpic.com,3530d59a71ba96732a81c8023221d5cefd2e339fc66e7fd936ecdae584114f0f,0,dmccall9,Dickie,McCall
tlawrya@dagondesign.com,ade3b41589eb26366ffb465ed16443e10a23d6a2962974dab6ac21fca95e7c35,0,tlawrya,Timothea,Lawry
lestoileb@vistaprint.com,34048b8fe2ac186f41c501027e40224695db778a32f8c1c612a0bcabee86492d,0,lestoileb,Lorin,Estoile
khattiganc@google.es,4c5e10b39e4933ba53f925b7af1a137a833b02f5a23f5d18a82f56973dbd8316,0,khattiganc,Kiele,Hattigan
fmccartand@geocities.com,f411aaab47ec8c81a99d66c543d8060470fa64dd73de4a4b03f5bc34daf4331b,0,fmccartand,Falkner,McCartan
mbathe@nymag.com,c2df5cd4bf7c856aa9e114b5aa9a4bcc6073891f3031fb3e7a97680013852b7c,0,mbathe,Meris,Bath
bchevertonf@sohu.com,0df2db13a35409b0a445a16b0994b8c5d3d8cae4de197066912ce1c65930e080,0,bchevertonf,Brenn,Cheverton
helnaughg@hibu.com,104cf4cb7d0d75c3c3ed5a1221edc8ee4f642a961a2c311a85cd296221d512d2,0,helnaughg,Harper,Elnaugh
bclemenzih@myspace.com,d81199d93f8a1af090911c46e3cb378d9e9b155b3a24a50db86f01029bfd661d,0,bclemenzih,Burg,Clemenzi
ddematteisi@spiegel.de,37855532a1e71973859d4284cad82bf4a8e19da9cac72ecfbc7c53c4aa26df64,0,ddematteisi,Dante,De Matteis
lcosterdj@amazon.com,aaf3a0c4b11c9caf8afca6292daba8b4321bc189a88e69e8a5e3cdbf3602c643,0,lcosterdj,Lettie,Costerd
pglencroschek@yellowbook.com,fb251ef3cbb1171d3c53d995daa6d60dcfb0bb1607e450684ca24d639522b048,0,pglencroschek,Pepi,Glencrosche
ebarkhousel@webeden.co.uk,14b9630119e98164212208e15f83b985f5f6ed26048b93564b89f9970e8ca37d,0,ebarkhousel,Enos,Barkhouse
twisedalem@hatena.ne.jp,6833a33c21fda026f85d41e77e279f17e4d2456b370be58bb9b249edfa208552,0,twisedalem,Thorin,Wisedale
ssprouln@pcworld.com,369c429fa175cd26f1c39081e6c00ca250428f83f844c73786e6dbc828d77487,0,ssprouln,Syman,Sproul
bpibwortho@cbslocal.com,2df21d7850560d44d7366804b7c9d730e1ffb00fe973023ca128fbaa20300697,0,bpibwortho,Bret,Pibworth
egoodswenp@wisc.edu,39908e061e7d51808d581f32ea947984eb5697f3124665c720c08c6b8283bfde,0,egoodswenp,Estrella,Goodswen
rkilroyq@wiley.com,14f165f7df8ee08d2116cd32c96ba7b32828a27055ff4b625b3328aaf34900e8,0,rkilroyq,Raye,Kilroy
gbassonr@woothemes.com,fa268f5224496b4acdf9e1e179128a314693fd7c87a24dac79581fb0f6a37ea4,0,gbassonr,Gaultiero,Basson
pfyness@tripadvisor.com,af77b3ba1dc952615cdd80b6a9d7563b1f578888d67f22a7a58ee6db1a3630de,0,pfyness,Phip,Fynes
